Lodwar,Month,Year
0,Jan,2011
0,Jan,2011
0,Jan,2011
0,Jan,2011
0,Jan,2011
0,Jan,2011
0,Jan,2011
0,Jan,2011
0,Jan,2011
0,Jan,2011
0,Jan,2011
0,Jan,2011
0,Jan,2011
0,Jan,2011
0,Jan,2011
0,Jan,2011
0,Jan,2011
0,Jan,2011
0,Jan,2011
0,Jan,2011
0,Jan,2011
0,Jan,2011
0,Jan,2011
0,Jan,2011
0,Jan,2011
0,Jan,2011
0,Jan,2011
0,Jan,2011
0,Jan,2011
0,Jan,2011
0,Jan,2011
0,Feb,2011
0.01,Feb,2011
0,Feb,2011
0,Feb,2011
0,Feb,2011
0,Feb,2011
0,Feb,2011
0,Feb,2011
0,Feb,2011
0,Feb,2011
0,Feb,2011
0,Feb,2011
0,Feb,2011
0,Feb,2011
0,Feb,2011
0.01,Feb,2011
0.01,Feb,2011
0.01,Feb,2011
0,Feb,2011
0,Feb,2011
0,Feb,2011
0,Feb,2011
0,Feb,2011
0,Feb,2011
0,Feb,2011
0,Feb,2011
0,Feb,2011
0,Feb,2011
,Feb,2011
,Feb,2011
,Feb,2011
0,Mar,2011
0,Mar,2011
0,Mar,2011
0,Mar,2011
0,Mar,2011
0,Mar,2011
0,Mar,2011
0,Mar,2011
0,Mar,2011
0,Mar,2011
0,Mar,2011
0,Mar,2011
0,Mar,2011
0,Mar,2011
25.7,Mar,2011
0.01,Mar,2011
29,Mar,2011
0,Mar,2011
3.6,Mar,2011
0,Mar,2011
0,Mar,2011
0,Mar,2011
0.01,Mar,2011
0,Mar,2011
0,Mar,2011
0,Mar,2011
0,Mar,2011
0,Mar,2011
0,Mar,2011
0,Mar,2011
0,Mar,2011
0,Apr,2011
0,Apr,2011
0,Apr,2011
0,Apr,2011
0,Apr,2011
0,Apr,2011
0,Apr,2011
0,Apr,2011
0,Apr,2011
0,Apr,2011
0,Apr,2011
0,Apr,2011
0,Apr,2011
0,Apr,2011
0,Apr,2011
0,Apr,2011
0,Apr,2011
0,Apr,2011
0,Apr,2011
0,Apr,2011
0,Apr,2011
0,Apr,2011
0,Apr,2011
0,Apr,2011
0,Apr,2011
0,Apr,2011
0,Apr,2011
16.5,Apr,2011
0,Apr,2011
0,Apr,2011
,Apr,2011
0,May,2011
0,May,2011
0,May,2011
0,May,2011
0,May,2011
0,May,2011
0,May,2011
0,May,2011
0,May,2011
0,May,2011
0,May,2011
0,May,2011
0,May,2011
0,May,2011
0,May,2011
0,May,2011
0,May,2011
0,May,2011
0,May,2011
0,May,2011
0,May,2011
0.3,May,2011
0,May,2011
0,May,2011
0,May,2011
0,May,2011
0,May,2011
0,May,2011
0,May,2011
0,May,2011
0,May,2011
0,Jun,2011
0,Jun,2011
0,Jun,2011
0,Jun,2011
0,Jun,2011
0,Jun,2011
0,Jun,2011
0,Jun,2011
0,Jun,2011
1.8,Jun,2011
0.01,Jun,2011
0,Jun,2011
1.7,Jun,2011
0,Jun,2011
0,Jun,2011
0,Jun,2011
0,Jun,2011
0,Jun,2011
0,Jun,2011
0,Jun,2011
0,Jun,2011
0,Jun,2011
0,Jun,2011
0,Jun,2011
0,Jun,2011
0,Jun,2011
0,Jun,2011
0,Jun,2011
0,Jun,2011
0,Jun,2011
,Jun,2011
0,Jul,2011
0,Jul,2011
0,Jul,2011
0,Jul,2011
0,Jul,2011
0,Jul,2011
0,Jul,2011
0,Jul,2011
0,Jul,2011
0,Jul,2011
0,Jul,2011
0,Jul,2011
0,Jul,2011
0,Jul,2011
0,Jul,2011
0,Jul,2011
0,Jul,2011
0,Jul,2011
0,Jul,2011
0,Jul,2011
0,Jul,2011
19.3,Jul,2011
0,Jul,2011
0,Jul,2011
0,Jul,2011
0,Jul,2011
0,Jul,2011
0,Jul,2011
0,Jul,2011
0,Jul,2011
0.01,Jul,2011
0,Aug,2011
0,Aug,2011
0,Aug,2011
0,Aug,2011
0,Aug,2011
0,Aug,2011
0,Aug,2011
0,Aug,2011
0.01,Aug,2011
0.01,Aug,2011
0.01,Aug,2011
0,Aug,2011
0,Aug,2011
0.01,Aug,2011
0,Aug,2011
0.01,Aug,2011
0,Aug,2011
0,Aug,2011
0,Aug,2011
0,Aug,2011
0,Aug,2011
0,Aug,2011
0,Aug,2011
0.01,Aug,2011
0,Aug,2011
0,Aug,2011
0,Aug,2011
0,Aug,2011
0.01,Aug,2011
0,Aug,2011
0,Aug,2011
3.8,Sep,2011
116.6,Sep,2011
7.5,Sep,2011
2.1,Sep,2011
1.5,Sep,2011
3.4,Sep,2011
0.01,Sep,2011
0,Sep,2011
0,Sep,2011
0,Sep,2011
0,Sep,2011
0,Sep,2011
0,Sep,2011
0,Sep,2011
0,Sep,2011
0,Sep,2011
0,Sep,2011
0,Sep,2011
0,Sep,2011
0,Sep,2011
0,Sep,2011
0,Sep,2011
0,Sep,2011
0,Sep,2011
0,Sep,2011
0,Sep,2011
0,Sep,2011
0,Sep,2011
0,Sep,2011
0,Sep,2011
,Sep,2011
0,Oct,2011
0,Oct,2011
0,Oct,2011
0,Oct,2011
0,Oct,2011
0,Oct,2011
0,Oct,2011
0,Oct,2011
0,Oct,2011
0,Oct,2011
0,Oct,2011
0,Oct,2011
0,Oct,2011
0,Oct,2011
0,Oct,2011
0,Oct,2011
0,Oct,2011
0,Oct,2011
0,Oct,2011
0,Oct,2011
0,Oct,2011
0,Oct,2011
0,Oct,2011
0,Oct,2011
0,Oct,2011
0,Oct,2011
44.2,Oct,2011
6.3,Oct,2011
0,Oct,2011
0,Oct,2011
0,Oct,2011
0,Nov,2011
0,Nov,2011
14.5,Nov,2011
19.5,Nov,2011
0,Nov,2011
0.01,Nov,2011
11.2,Nov,2011
0,Nov,2011
0.01,Nov,2011
9.1,Nov,2011
11,Nov,2011
1,Nov,2011
0,Nov,2011
0,Nov,2011
0,Nov,2011
0,Nov,2011
0,Nov,2011
0,Nov,2011
0,Nov,2011
0,Nov,2011
0,Nov,2011
0,Nov,2011
0.01,Nov,2011
3.5,Nov,2011
2.5,Nov,2011
0,Nov,2011
0,Nov,2011
14.8,Nov,2011
0,Nov,2011
9.7,Nov,2011
,Nov,2011
0,Jan,2012
0,Jan,2012
0,Jan,2012
0,Jan,2012
0,Jan,2012
0,Jan,2012
0,Jan,2012
0,Jan,2012
0,Jan,2012
0,Jan,2012
0,Jan,2012
0,Jan,2012
0,Jan,2012
0,Jan,2012
0,Jan,2012
0,Jan,2012
0,Jan,2012
0,Jan,2012
0,Jan,2012
0,Jan,2012
0,Jan,2012
0,Jan,2012
0,Jan,2012
0,Jan,2012
0,Jan,2012
0,Jan,2012
0,Jan,2012
0,Jan,2012
0,Jan,2012
0,Jan,2012
0,Jan,2012
0,Feb,2012
0,Feb,2012
0,Feb,2012
0,Feb,2012
0,Feb,2012
0,Feb,2012
0,Feb,2012
0,Feb,2012
0,Feb,2012
0,Feb,2012
0,Feb,2012
0,Feb,2012
0,Feb,2012
0,Feb,2012
0,Feb,2012
0,Feb,2012
0,Feb,2012
0,Feb,2012
0,Feb,2012
0,Feb,2012
0,Feb,2012
0,Feb,2012
0,Feb,2012
0,Feb,2012
0,Feb,2012
0,Feb,2012
0,Feb,2012
0,Feb,2012
0,Feb,2012
,Feb,2012
,Feb,2012
0,Mar,2012
0,Mar,2012
0,Mar,2012
0,Mar,2012
0,Mar,2012
0,Mar,2012
0,Mar,2012
0,Mar,2012
0,Mar,2012
0,Mar,2012
0,Mar,2012
0,Mar,2012
0,Mar,2012
0,Mar,2012
0,Mar,2012
0,Mar,2012
0,Mar,2012
0,Mar,2012
0,Mar,2012
0,Mar,2012
0,Mar,2012
0,Mar,2012
0,Mar,2012
0,Mar,2012
0,Mar,2012
0,Mar,2012
0,Mar,2012
0,Mar,2012
0,Mar,2012
0,Mar,2012
0.5,Mar,2012
0.01,Apr,2012
3.2,Apr,2012
0,Apr,2012
0,Apr,2012
0,Apr,2012
0,Apr,2012
0,Apr,2012
0,Apr,2012
0,Apr,2012
0,Apr,2012
0.5,Apr,2012
0,Apr,2012
0,Apr,2012
0,Apr,2012
0,Apr,2012
0,Apr,2012
0.01,Apr,2012
19.8,Apr,2012
0,Apr,2012
0.01,Apr,2012
0.01,Apr,2012
0,Apr,2012
23.2,Apr,2012
2.2,Apr,2012
0.1,Apr,2012
0,Apr,2012
30.9,Apr,2012
0,Apr,2012
0,Apr,2012
0,Apr,2012
,Apr,2012
0,May,2012
9,May,2012
5.1,May,2012
0,May,2012
0,May,2012
0,May,2012
0,May,2012
0,May,2012
0,May,2012
0,May,2012
0,May,2012
0,May,2012
0,May,2012
0,May,2012
0,May,2012
0,May,2012
0,May,2012
67.5,May,2012
0,May,2012
0,May,2012
0,May,2012
0,May,2012
0,May,2012
0,May,2012
0,May,2012
0,May,2012
0,May,2012
0,May,2012
0,May,2012
0,May,2012
0,May,2012
0,Jun,2012
0,Jun,2012
0,Jun,2012
0,Jun,2012
0,Jun,2012
0,Jun,2012
0,Jun,2012
0,Jun,2012
0,Jun,2012
0,Jun,2012
0,Jun,2012
0,Jun,2012
0,Jun,2012
0,Jun,2012
0,Jun,2012
0,Jun,2012
0,Jun,2012
0,Jun,2012
0,Jun,2012
0,Jun,2012
0,Jun,2012
0,Jun,2012
0,Jun,2012
0,Jun,2012
0,Jun,2012
0,Jun,2012
0,Jun,2012
0,Jun,2012
0,Jun,2012
0,Jun,2012
,Jun,2012
0,Jul,2012
0,Jul,2012
0,Jul,2012
4.3,Jul,2012
0.01,Jul,2012
0,Jul,2012
0,Jul,2012
0,Jul,2012
0,Jul,2012
0,Jul,2012
0,Jul,2012
0,Jul,2012
0,Jul,2012
0,Jul,2012
0,Jul,2012
11.3,Jul,2012
0,Jul,2012
0,Jul,2012
0,Jul,2012
0,Jul,2012
0,Jul,2012
0,Jul,2012
0,Jul,2012
0,Jul,2012
4.1,Jul,2012
0.6,Jul,2012
0,Jul,2012
0,Jul,2012
0,Jul,2012
0,Jul,2012
0,Jul,2012
0.01,Aug,2012
0,Aug,2012
0,Aug,2012
0,Aug,2012
0,Aug,2012
0,Aug,2012
0,Aug,2012
1.9,Aug,2012
0,Aug,2012
0,Aug,2012
0,Aug,2012
84,Aug,2012
3.5,Aug,2012
0,Aug,2012
0,Aug,2012
3.9,Aug,2012
0,Aug,2012
0,Aug,2012
0,Aug,2012
0,Aug,2012
0,Aug,2012
0,Aug,2012
0,Aug,2012
0,Aug,2012
0.5,Aug,2012
0,Aug,2012
0,Aug,2012
0,Aug,2012
0,Aug,2012
0,Aug,2012
0,Aug,2012
0,Sep,2012
0,Sep,2012
0,Sep,2012
0,Sep,2012
0,Sep,2012
0,Sep,2012
0,Sep,2012
0,Sep,2012
0,Sep,2012
0,Sep,2012
0,Sep,2012
0,Sep,2012
0,Sep,2012
0,Sep,2012
0,Sep,2012
0,Sep,2012
0,Sep,2012
0,Sep,2012
0,Sep,2012
0,Sep,2012
0,Sep,2012
0,Sep,2012
0,Sep,2012
0,Sep,2012
0,Sep,2012
0,Sep,2012
0,Sep,2012
0,Sep,2012
0,Sep,2012
0,Sep,2012
,Sep,2012
0,Oct,2012
0,Oct,2012
0,Oct,2012
0,Oct,2012
0,Oct,2012
0,Oct,2012
0,Oct,2012
0,Oct,2012
0,Oct,2012
0.1,Oct,2012
0,Oct,2012
0.01,Oct,2012
17.7,Oct,2012
0,Oct,2012
0,Oct,2012
0,Oct,2012
0,Oct,2012
0,Oct,2012
0.01,Oct,2012
0,Oct,2012
0,Oct,2012
0,Oct,2012
0,Oct,2012
0,Oct,2012
0,Oct,2012
0,Oct,2012
0,Oct,2012
23.5,Oct,2012
0,Oct,2012
0,Oct,2012
0.5,Oct,2012
0.5,Nov,2012
0,Nov,2012
0,Nov,2012
0,Nov,2012
0,Nov,2012
0,Nov,2012
0,Nov,2012
19.2,Nov,2012
0,Nov,2012
0,Nov,2012
0,Nov,2012
0,Nov,2012
0,Nov,2012
0,Nov,2012
0,Nov,2012
0.01,Nov,2012
0.01,Nov,2012
0,Nov,2012
0,Nov,2012
0,Nov,2012
0,Nov,2012
0,Nov,2012
0,Nov,2012
0,Nov,2012
0,Nov,2012
0,Nov,2012
0,Nov,2012
0,Nov,2012
0,Nov,2012
0,Nov,2012
,Nov,2012
0,Jan,2013
0,Jan,2013
0,Jan,2013
0,Jan,2013
0,Jan,2013
0,Jan,2013
0.01,Jan,2013
5.2,Jan,2013
0,Jan,2013
0,Jan,2013
0,Jan,2013
0,Jan,2013
0,Jan,2013
0,Jan,2013
0,Jan,2013
0,Jan,2013
0,Jan,2013
0,Jan,2013
0,Jan,2013
0,Jan,2013
0,Jan,2013
0,Jan,2013
0,Jan,2013
0,Jan,2013
0,Jan,2013
0,Jan,2013
0,Jan,2013
0,Jan,2013
0,Jan,2013
0,Jan,2013
0,Jan,2013
0,Feb,2013
0,Feb,2013
0,Feb,2013
0,Feb,2013
0,Feb,2013
0,Feb,2013
0,Feb,2013
0,Feb,2013
0,Feb,2013
0,Feb,2013
0,Feb,2013
0.01,Feb,2013
0,Feb,2013
0,Feb,2013
0,Feb,2013
0,Feb,2013
0,Feb,2013
0,Feb,2013
0,Feb,2013
0.01,Feb,2013
0,Feb,2013
0,Feb,2013
0,Feb,2013
0,Feb,2013
0,Feb,2013
0,Feb,2013
0,Feb,2013
0,Feb,2013
,Feb,2013
,Feb,2013
,Feb,2013
0,Mar,2013
0,Mar,2013
0,Mar,2013
0,Mar,2013
0,Mar,2013
0,Mar,2013
1.7,Mar,2013
0,Mar,2013
0,Mar,2013
0,Mar,2013
0,Mar,2013
0,Mar,2013
0,Mar,2013
0,Mar,2013
0,Mar,2013
0,Mar,2013
0,Mar,2013
0,Mar,2013
0,Mar,2013
0,Mar,2013
0,Mar,2013
0,Mar,2013
0,Mar,2013
0,Mar,2013
0,Mar,2013
0.01,Mar,2013
0.01,Mar,2013
15.5,Mar,2013
0,Mar,2013
23.5,Mar,2013
14,Mar,2013
0,Apr,2013
0,Apr,2013
0.01,Apr,2013
22.8,Apr,2013
0,Apr,2013
5.2,Apr,2013
0.01,Apr,2013
0.01,Apr,2013
0,Apr,2013
0.01,Apr,2013
0,Apr,2013
36.2,Apr,2013
0,Apr,2013
0.01,Apr,2013
0,Apr,2013
0,Apr,2013
0,Apr,2013
0,Apr,2013
0,Apr,2013
0,Apr,2013
0,Apr,2013
0,Apr,2013
0,Apr,2013
0,Apr,2013
0,Apr,2013
0,Apr,2013
31.6,Apr,2013
0,Apr,2013
22.1,Apr,2013
0,Apr,2013
,Apr,2013
1.4,May,2013
0,May,2013
1.2,May,2013
0,May,2013
0,May,2013
30.5,May,2013
0,May,2013
0,May,2013
0,May,2013
0,May,2013
0,May,2013
0,May,2013
0,May,2013
0,May,2013
0,May,2013
0,May,2013
0,May,2013
0,May,2013
0,May,2013
0,May,2013
0,May,2013
0,May,2013
0,May,2013
0,May,2013
0,May,2013
0,May,2013
0,May,2013
0,May,2013
0,May,2013
0,May,2013
0,May,2013
0,Jun,2013
0,Jun,2013
0,Jun,2013
0,Jun,2013
0,Jun,2013
0,Jun,2013
0,Jun,2013
0,Jun,2013
0,Jun,2013
0,Jun,2013
0,Jun,2013
0,Jun,2013
0,Jun,2013
0.01,Jun,2013
0,Jun,2013
0,Jun,2013
0,Jun,2013
0,Jun,2013
0,Jun,2013
0,Jun,2013
0,Jun,2013
0,Jun,2013
0,Jun,2013
0,Jun,2013
0,Jun,2013
0,Jun,2013
0,Jun,2013
0,Jun,2013
0,Jun,2013
0,Jun,2013
,Jun,2013
0,Jul,2013
0,Jul,2013
0,Jul,2013
0,Jul,2013
0,Jul,2013
0,Jul,2013
0,Jul,2013
0,Jul,2013
3.3,Jul,2013
0,Jul,2013
0,Jul,2013
0,Jul,2013
0,Jul,2013
0,Jul,2013
0,Jul,2013
0,Jul,2013
2.4,Jul,2013
2.4,Jul,2013
0,Jul,2013
0,Jul,2013
0,Jul,2013
0,Jul,2013
0,Jul,2013
0,Jul,2013
0,Jul,2013
0,Jul,2013
0,Jul,2013
0,Jul,2013
0,Jul,2013
0.01,Jul,2013
1.4,Jul,2013
0,Aug,2013
0,Aug,2013
0,Aug,2013
0,Aug,2013
0,Aug,2013
0,Aug,2013
0,Aug,2013
0,Aug,2013
0,Aug,2013
0,Aug,2013
0,Aug,2013
0,Aug,2013
0.01,Aug,2013
0,Aug,2013
0,Aug,2013
0,Aug,2013
1.2,Aug,2013
28.4,Aug,2013
0,Aug,2013
0,Aug,2013
0,Aug,2013
0,Aug,2013
0,Aug,2013
0,Aug,2013
0,Aug,2013
0,Aug,2013
0,Aug,2013
0,Aug,2013
0,Aug,2013
0,Aug,2013
0,Aug,2013
0,Sep,2013
0,Sep,2013
0,Sep,2013
0,Sep,2013
0,Sep,2013
0,Sep,2013
0,Sep,2013
0,Sep,2013
0,Sep,2013
0,Sep,2013
0,Sep,2013
0,Sep,2013
0,Sep,2013
0,Sep,2013
0,Sep,2013
0,Sep,2013
0.01,Sep,2013
0,Sep,2013
0,Sep,2013
0,Sep,2013
0,Sep,2013
0,Sep,2013
0,Sep,2013
0,Sep,2013
0,Sep,2013
0,Sep,2013
0,Sep,2013
0.01,Sep,2013
0,Sep,2013
0,Sep,2013
,Sep,2013
0,Oct,2013
0.01,Oct,2013
0,Oct,2013
0,Oct,2013
0,Oct,2013
0,Oct,2013
0,Oct,2013
0,Oct,2013
0,Oct,2013
0,Oct,2013
0,Oct,2013
0,Oct,2013
0,Oct,2013
0,Oct,2013
0,Oct,2013
0,Oct,2013
0.01,Oct,2013
0,Oct,2013
0,Oct,2013
0,Oct,2013
0,Oct,2013
0,Oct,2013
0,Oct,2013
0.01,Oct,2013
0,Oct,2013
0,Oct,2013
0.01,Oct,2013
0,Oct,2013
0,Oct,2013
0,Oct,2013
0,Oct,2013
0,Nov,2013
0,Nov,2013
0,Nov,2013
0.01,Nov,2013
0.01,Nov,2013
0.5,Nov,2013
0.01,Nov,2013
0,Nov,2013
19.8,Nov,2013
0.01,Nov,2013
0.01,Nov,2013
0.01,Nov,2013
0.01,Nov,2013
0,Nov,2013
2.3,Nov,2013
0.01,Nov,2013
0,Nov,2013
0,Nov,2013
0,Nov,2013
0,Nov,2013
0,Nov,2013
0,Nov,2013
0,Nov,2013
0,Nov,2013
0,Nov,2013
0,Nov,2013
0,Nov,2013
0,Nov,2013
0,Nov,2013
0,Nov,2013
,Nov,2013
0,Jan,2014
0,Jan,2014
0,Jan,2014
0,Jan,2014
0,Jan,2014
0,Jan,2014
0,Jan,2014
0,Jan,2014
0,Jan,2014
0,Jan,2014
0,Jan,2014
0,Jan,2014
0,Jan,2014
0,Jan,2014
0,Jan,2014
0,Jan,2014
0,Jan,2014
0,Jan,2014
0,Jan,2014
0,Jan,2014
0,Jan,2014
0,Jan,2014
0,Jan,2014
0,Jan,2014
0,Jan,2014
0,Jan,2014
0,Jan,2014
0,Jan,2014
0,Jan,2014
0,Jan,2014
0,Jan,2014
0,Feb,2014
0,Feb,2014
0,Feb,2014
0,Feb,2014
0,Feb,2014
0,Feb,2014
0.01,Feb,2014
0,Feb,2014
0,Feb,2014
0,Feb,2014
0,Feb,2014
0,Feb,2014
0,Feb,2014
0,Feb,2014
0.01,Feb,2014
0.01,Feb,2014
0,Feb,2014
0,Feb,2014
0,Feb,2014
0,Feb,2014
0,Feb,2014
0,Feb,2014
0,Feb,2014
0,Feb,2014
0,Feb,2014
0,Feb,2014
0,Feb,2014
0,Feb,2014
,Feb,2014
,Feb,2014
,Feb,2014
0,Mar,2014
0,Mar,2014
0,Mar,2014
0,Mar,2014
0,Mar,2014
0,Mar,2014
0,Mar,2014
0,Mar,2014
0,Mar,2014
0,Mar,2014
0,Mar,2014
0.01,Mar,2014
1.2,Mar,2014
0,Mar,2014
0,Mar,2014
0.01,Mar,2014
0,Mar,2014
0,Mar,2014
0,Mar,2014
0,Mar,2014
0,Mar,2014
0,Mar,2014
0.01,Mar,2014
3.1,Mar,2014
1.7,Mar,2014
0,Mar,2014
0,Mar,2014
0,Mar,2014
0,Mar,2014
0.01,Mar,2014
0,Mar,2014
0,Apr,2014
0,Apr,2014
0,Apr,2014
0,Apr,2014
0,Apr,2014
0.01,Apr,2014
16.4,Apr,2014
0,Apr,2014
0,Apr,2014
0,Apr,2014
0,Apr,2014
0,Apr,2014
0,Apr,2014
0,Apr,2014
8.5,Apr,2014
0,Apr,2014
0,Apr,2014
0,Apr,2014
0,Apr,2014
0,Apr,2014
0,Apr,2014
0,Apr,2014
0,Apr,2014
0,Apr,2014
0,Apr,2014
0,Apr,2014
0,Apr,2014
0,Apr,2014
0,Apr,2014
0,Apr,2014
,Apr,2014
0,May,2014
0,May,2014
0,May,2014
0,May,2014
0,May,2014
0,May,2014
0,May,2014
0,May,2014
0.3,May,2014
0.4,May,2014
0,May,2014
0,May,2014
0,May,2014
0,May,2014
0,May,2014
0,May,2014
0,May,2014
0,May,2014
0,May,2014
0,May,2014
0,May,2014
0,May,2014
0,May,2014
0,May,2014
0,May,2014
0,May,2014
0,May,2014
0,May,2014
0,May,2014
0,May,2014
0,May,2014
0,Jun,2014
0,Jun,2014
0,Jun,2014
0,Jun,2014
0,Jun,2014
0,Jun,2014
0,Jun,2014
0,Jun,2014
0,Jun,2014
0,Jun,2014
0,Jun,2014
0,Jun,2014
0,Jun,2014
0,Jun,2014
0,Jun,2014
0,Jun,2014
0,Jun,2014
0,Jun,2014
0,Jun,2014
0,Jun,2014
0,Jun,2014
0,Jun,2014
0,Jun,2014
0,Jun,2014
0,Jun,2014
0,Jun,2014
0,Jun,2014
0,Jun,2014
0,Jun,2014
0,Jun,2014
,Jun,2014
0,Jul,2014
0.2,Jul,2014
0,Jul,2014
0,Jul,2014
0,Jul,2014
0,Jul,2014
0,Jul,2014
0,Jul,2014
0,Jul,2014
24.8,Jul,2014
0,Jul,2014
0,Jul,2014
0,Jul,2014
0,Jul,2014
0,Jul,2014
0,Jul,2014
0,Jul,2014
0,Jul,2014
0,Jul,2014
0,Jul,2014
0,Jul,2014
0,Jul,2014
0,Jul,2014
0,Jul,2014
0,Jul,2014
0,Jul,2014
0,Jul,2014
0,Jul,2014
0,Jul,2014
0,Jul,2014
0,Jul,2014
0,Aug,2014
0,Aug,2014
0,Aug,2014
0,Aug,2014
0,Aug,2014
0,Aug,2014
0,Aug,2014
0,Aug,2014
0,Aug,2014
0,Aug,2014
0,Aug,2014
0,Aug,2014
0,Aug,2014
0,Aug,2014
0,Aug,2014
0,Aug,2014
0,Aug,2014
0,Aug,2014
0,Aug,2014
0,Aug,2014
0,Aug,2014
0,Aug,2014
0,Aug,2014
0,Aug,2014
6.3,Aug,2014
0,Aug,2014
0,Aug,2014
0,Aug,2014
0,Aug,2014
0,Aug,2014
0.01,Aug,2014
0,Sep,2014
30.2,Sep,2014
0.01,Sep,2014
0,Sep,2014
0,Sep,2014
0,Sep,2014
0,Sep,2014
0,Sep,2014
0,Sep,2014
0,Sep,2014
0,Sep,2014
0,Sep,2014
0,Sep,2014
0,Sep,2014
0,Sep,2014
0,Sep,2014
0,Sep,2014
0,Sep,2014
0,Sep,2014
0,Sep,2014
0,Sep,2014
0,Sep,2014
0,Sep,2014
0,Sep,2014
0,Sep,2014
0,Sep,2014
0,Sep,2014
0,Sep,2014
0,Sep,2014
0,Sep,2014
,Sep,2014
0,Oct,2014
1.4,Oct,2014
1.5,Oct,2014
0,Oct,2014
3,Oct,2014
0,Oct,2014
0,Oct,2014
0,Oct,2014
0,Oct,2014
0,Oct,2014
0,Oct,2014
0,Oct,2014
0,Oct,2014
0,Oct,2014
0,Oct,2014
5.3,Oct,2014
2,Oct,2014
0,Oct,2014
0,Oct,2014
3.2,Oct,2014
1.6,Oct,2014
0,Oct,2014
0,Oct,2014
6,Oct,2014
0,Oct,2014
0,Oct,2014
0,Oct,2014
0,Oct,2014
0,Oct,2014
0,Oct,2014
0,Oct,2014
0,Nov,2014
0,Nov,2014
0,Nov,2014
0,Nov,2014
0,Nov,2014
0,Nov,2014
0,Nov,2014
0,Nov,2014
0,Nov,2014
0,Nov,2014
0,Nov,2014
0,Nov,2014
0,Nov,2014
0,Nov,2014
0,Nov,2014
0,Nov,2014
0,Nov,2014
0,Nov,2014
0,Nov,2014
0.01,Nov,2014
0.01,Nov,2014
0,Nov,2014
0.01,Nov,2014
0,Nov,2014
0,Nov,2014
17.4,Nov,2014
0.6,Nov,2014
0,Nov,2014
0.01,Nov,2014
2.3,Nov,2014
,Nov,2014
0,Jan,2015
0,Jan,2015
0,Jan,2015
0,Jan,2015
0,Jan,2015
0,Jan,2015
0,Jan,2015
0,Jan,2015
0,Jan,2015
0,Jan,2015
0,Jan,2015
0,Jan,2015
0,Jan,2015
0,Jan,2015
0,Jan,2015
0,Jan,2015
0,Jan,2015
0,Jan,2015
0,Jan,2015
0,Jan,2015
0,Jan,2015
0,Jan,2015
0,Jan,2015
0,Jan,2015
0,Jan,2015
0,Jan,2015
0,Jan,2015
0,Jan,2015
0,Jan,2015
0,Jan,2015
0,Jan,2015
0,Feb,2015
0,Feb,2015
0,Feb,2015
0,Feb,2015
0,Feb,2015
0,Feb,2015
0,Feb,2015
0,Feb,2015
0,Feb,2015
0,Feb,2015
0,Feb,2015
0,Feb,2015
0,Feb,2015
0,Feb,2015
0,Feb,2015
0,Feb,2015
0,Feb,2015
0,Feb,2015
0,Feb,2015
0,Feb,2015
0,Feb,2015
0,Feb,2015
0,Feb,2015
0,Feb,2015
0,Feb,2015
0,Feb,2015
0,Feb,2015
0,Feb,2015
,Feb,2015
,Feb,2015
,Feb,2015
0,Mar,2015
0,Mar,2015
0,Mar,2015
0,Mar,2015
0,Mar,2015
0,Mar,2015
0,Mar,2015
0,Mar,2015
0,Mar,2015
0,Mar,2015
0,Mar,2015
0,Mar,2015
0,Mar,2015
0,Mar,2015
0,Mar,2015
0,Mar,2015
0,Mar,2015
0,Mar,2015
0,Mar,2015
0,Mar,2015
0,Mar,2015
0,Mar,2015
0,Mar,2015
0,Mar,2015
0,Mar,2015
0,Mar,2015
0,Mar,2015
0,Mar,2015
0,Mar,2015
0,Mar,2015
0,Mar,2015
0,Apr,2015
0,Apr,2015
84.8,Apr,2015
3.1,Apr,2015
0,Apr,2015
0.01,Apr,2015
0,Apr,2015
0,Apr,2015
0,Apr,2015
0,Apr,2015
0,Apr,2015
0,Apr,2015
0,Apr,2015
0,Apr,2015
0,Apr,2015
0.01,Apr,2015
0,Apr,2015
4.2,Apr,2015
0.2,Apr,2015
0.6,Apr,2015
0,Apr,2015
0,Apr,2015
0,Apr,2015
0,Apr,2015
0,Apr,2015
0,Apr,2015
,Apr,2015
0.5,Apr,2015
0,Apr,2015
0,Apr,2015
,Apr,2015
3.4,May,2015
0,May,2015
0,May,2015
0,May,2015
0,May,2015
0,May,2015
0.01,May,2015
25.6,May,2015
0.8,May,2015
0.01,May,2015
0,May,2015
1.2,May,2015
0,May,2015
0,May,2015
0,May,2015
0,May,2015
0,May,2015
0,May,2015
0,May,2015
0,May,2015
0,May,2015
0,May,2015
0,May,2015
0,May,2015
0,May,2015
0,May,2015
0,May,2015
0,May,2015
0,May,2015
0,May,2015
0,May,2015
0,Jun,2015
1.2,Jun,2015
0,Jun,2015
0,Jun,2015
0,Jun,2015
0,Jun,2015
0,Jun,2015
0,Jun,2015
0,Jun,2015
0,Jun,2015
0,Jun,2015
0,Jun,2015
0,Jun,2015
0.01,Jun,2015
0,Jun,2015
0,Jun,2015
0,Jun,2015
0,Jun,2015
0,Jun,2015
0,Jun,2015
0,Jun,2015
0,Jun,2015
0,Jun,2015
1.4,Jun,2015
0,Jun,2015
0,Jun,2015
0,Jun,2015
0,Jun,2015
0,Jun,2015
0,Jun,2015
,Jun,2015
0,Jul,2015
0,Jul,2015
0,Jul,2015
0,Jul,2015
0,Jul,2015
0,Jul,2015
0,Jul,2015
0,Jul,2015
0,Jul,2015
0,Jul,2015
0,Jul,2015
0,Jul,2015
0,Jul,2015
0,Jul,2015
0,Jul,2015
0,Jul,2015
0,Jul,2015
0,Jul,2015
0,Jul,2015
0,Jul,2015
0,Jul,2015
0,Jul,2015
0,Jul,2015
0,Jul,2015
0,Jul,2015
0,Jul,2015
0,Jul,2015
0,Jul,2015
0,Jul,2015
0,Jul,2015
0,Jul,2015
0,Aug,2015
0,Aug,2015
0,Aug,2015
0,Aug,2015
0,Aug,2015
0,Aug,2015
0,Aug,2015
0,Aug,2015
0,Aug,2015
0,Aug,2015
0,Aug,2015
0,Aug,2015
0,Aug,2015
0,Aug,2015
0,Aug,2015
0,Aug,2015
0,Aug,2015
0,Aug,2015
0,Aug,2015
0,Aug,2015
0,Aug,2015
0,Aug,2015
0,Aug,2015
0,Aug,2015
0,Aug,2015
0,Aug,2015
0,Aug,2015
0,Aug,2015
0,Aug,2015
0,Aug,2015
0,Aug,2015
0,Sep,2015
0,Sep,2015
0,Sep,2015
0,Sep,2015
0,Sep,2015
0,Sep,2015
0,Sep,2015
0,Sep,2015
0,Sep,2015
0,Sep,2015
0,Sep,2015
0,Sep,2015
0,Sep,2015
0,Sep,2015
0,Sep,2015
0,Sep,2015
0,Sep,2015
0,Sep,2015
0,Sep,2015
0,Sep,2015
0,Sep,2015
0,Sep,2015
0,Sep,2015
0,Sep,2015
0,Sep,2015
0,Sep,2015
0,Sep,2015
0,Sep,2015
0,Sep,2015
0,Sep,2015
,Sep,2015
0.01,Oct,2015
0,Oct,2015
0.01,Oct,2015
0.01,Oct,2015
0,Oct,2015
0,Oct,2015
0,Oct,2015
0,Oct,2015
0,Oct,2015
0,Oct,2015
0,Oct,2015
0,Oct,2015
0,Oct,2015
0,Oct,2015
0,Oct,2015
0,Oct,2015
0,Oct,2015
0,Oct,2015
0,Oct,2015
0.01,Oct,2015
0,Oct,2015
0,Oct,2015
0,Oct,2015
0,Oct,2015
0,Oct,2015
0,Oct,2015
0,Oct,2015
0.01,Oct,2015
0,Oct,2015
0,Oct,2015
0,Oct,2015
4,Nov,2015
0,Nov,2015
0,Nov,2015
0,Nov,2015
0.01,Nov,2015
1.7,Nov,2015
0.01,Nov,2015
2.8,Nov,2015
1,Nov,2015
0.01,Nov,2015
4.6,Nov,2015
1.1,Nov,2015
0,Nov,2015
0,Nov,2015
0,Nov,2015
0,Nov,2015
5.7,Nov,2015
0,Nov,2015
0,Nov,2015
0,Nov,2015
0,Nov,2015
0,Nov,2015
0,Nov,2015
0,Nov,2015
0,Nov,2015
0,Nov,2015
0,Nov,2015
4.2,Nov,2015
7.2,Nov,2015
0,Nov,2015
,Nov,2015
0,Jan,2016
0,Jan,2016
0,Jan,2016
0,Jan,2016
0,Jan,2016
0,Jan,2016
0,Jan,2016
0,Jan,2016
0,Jan,2016
0,Jan,2016
0,Jan,2016
0,Jan,2016
0,Jan,2016
0,Jan,2016
0,Jan,2016
0,Jan,2016
0,Jan,2016
0,Jan,2016
0,Jan,2016
0,Jan,2016
0,Jan,2016
0,Jan,2016
0,Jan,2016
0,Jan,2016
0,Jan,2016
0,Jan,2016
0,Jan,2016
0,Jan,2016
0,Jan,2016
0,Jan,2016
0,Jan,2016
0,Feb,2016
0,Feb,2016
0,Feb,2016
0,Feb,2016
0,Feb,2016
0,Feb,2016
0,Feb,2016
0,Feb,2016
0.01,Feb,2016
0,Feb,2016
0,Feb,2016
0,Feb,2016
0,Feb,2016
0,Feb,2016
0,Feb,2016
0,Feb,2016
0,Feb,2016
0,Feb,2016
0,Feb,2016
0,Feb,2016
0,Feb,2016
0,Feb,2016
0,Feb,2016
0,Feb,2016
0,Feb,2016
0,Feb,2016
0,Feb,2016
0,Feb,2016
0,Feb,2016
,Feb,2016
,Feb,2016
0,Mar,2016
0,Mar,2016
0,Mar,2016
0,Mar,2016
0,Mar,2016
0,Mar,2016
0,Mar,2016
0.9,Mar,2016
44.6,Mar,2016
22.3,Mar,2016
0,Mar,2016
0,Mar,2016
0,Mar,2016
0,Mar,2016
0,Mar,2016
0,Mar,2016
0,Mar,2016
0,Mar,2016
0,Mar,2016
0,Mar,2016
0,Mar,2016
0,Mar,2016
0,Mar,2016
0,Mar,2016
0,Mar,2016
0,Mar,2016
0,Mar,2016
0,Mar,2016
0,Mar,2016
0,Mar,2016
0,Mar,2016
0,Apr,2016
12,Apr,2016
0,Apr,2016
35.4,Apr,2016
0,Apr,2016
0,Apr,2016
0,Apr,2016
0,Apr,2016
0,Apr,2016
0,Apr,2016
0,Apr,2016
0,Apr,2016
0,Apr,2016
0,Apr,2016
0,Apr,2016
0,Apr,2016
0,Apr,2016
8.1,Apr,2016
3.5,Apr,2016
1.7,Apr,2016
0,Apr,2016
0,Apr,2016
0,Apr,2016
0,Apr,2016
0,Apr,2016
0.01,Apr,2016
13.4,Apr,2016
37,Apr,2016
0,Apr,2016
17.7,Apr,2016
,Apr,2016
1,May,2016
0.01,May,2016
0,May,2016
0,May,2016
0.8,May,2016
0,May,2016
0,May,2016
0,May,2016
0,May,2016
0.01,May,2016
0.01,May,2016
0,May,2016
0,May,2016
0,May,2016
0,May,2016
0,May,2016
0,May,2016
0,May,2016
0,May,2016
0,May,2016
0,May,2016
0,May,2016
0,May,2016
0,May,2016
0,May,2016
0,May,2016
0,May,2016
0,May,2016
0,May,2016
0,May,2016
0,May,2016
0,Jun,2016
0,Jun,2016
0,Jun,2016
0,Jun,2016
0,Jun,2016
0,Jun,2016
0,Jun,2016
0,Jun,2016
0,Jun,2016
0,Jun,2016
0,Jun,2016
0,Jun,2016
0,Jun,2016
0,Jun,2016
0,Jun,2016
0,Jun,2016
0,Jun,2016
8.6,Jun,2016
0,Jun,2016
0,Jun,2016
2.9,Jun,2016
0,Jun,2016
0,Jun,2016
0,Jun,2016
0,Jun,2016
0,Jun,2016
0,Jun,2016
0,Jun,2016
0,Jun,2016
0.4,Jun,2016
,Jun,2016
0,Jul,2016
0,Jul,2016
0,Jul,2016
0,Jul,2016
0,Jul,2016
0,Jul,2016
0,Jul,2016
0,Jul,2016
0,Jul,2016
0,Jul,2016
0,Jul,2016
0,Jul,2016
0,Jul,2016
0,Jul,2016
0,Jul,2016
0,Jul,2016
0,Jul,2016
0,Jul,2016
0,Jul,2016
0,Jul,2016
0,Jul,2016
0,Jul,2016
0,Jul,2016
0,Jul,2016
0,Jul,2016
0,Jul,2016
0,Jul,2016
0,Jul,2016
0,Jul,2016
0.01,Jul,2016
0.9,Jul,2016
0,Aug,2016
0,Aug,2016
0.01,Aug,2016
10,Aug,2016
0,Aug,2016
0,Aug,2016
0,Aug,2016
0,Aug,2016
0,Aug,2016
0,Aug,2016
0,Aug,2016
0,Aug,2016
0,Aug,2016
0,Aug,2016
0,Aug,2016
0,Aug,2016
0,Aug,2016
0,Aug,2016
0,Aug,2016
0,Aug,2016
0,Aug,2016
0,Aug,2016
0,Aug,2016
0,Aug,2016
0,Aug,2016
0,Aug,2016
0,Aug,2016
0,Aug,2016
0,Aug,2016
0,Aug,2016
0,Aug,2016
0,Sep,2016
0,Sep,2016
0,Sep,2016
0,Sep,2016
0,Sep,2016
0,Sep,2016
0,Sep,2016
0,Sep,2016
0,Sep,2016
0,Sep,2016
0,Sep,2016
0,Sep,2016
0,Sep,2016
0,Sep,2016
0,Sep,2016
0,Sep,2016
0,Sep,2016
0,Sep,2016
0,Sep,2016
0,Sep,2016
0,Sep,2016
0,Sep,2016
0,Sep,2016
0,Sep,2016
0,Sep,2016
0,Sep,2016
0,Sep,2016
0,Sep,2016
0,Sep,2016
0,Sep,2016
,Sep,2016
0,Oct,2016
0,Oct,2016
0,Oct,2016
0,Oct,2016
0.01,Oct,2016
0,Oct,2016
0,Oct,2016
0,Oct,2016
0,Oct,2016
0,Oct,2016
0,Oct,2016
0,Oct,2016
0,Oct,2016
0,Oct,2016
0,Oct,2016
0,Oct,2016
0,Oct,2016
0,Oct,2016
0,Oct,2016
0,Oct,2016
0,Oct,2016
0,Oct,2016
0,Oct,2016
0,Oct,2016
0,Oct,2016
0,Oct,2016
0,Oct,2016
0,Oct,2016
0,Oct,2016
0,Oct,2016
0,Oct,2016
0,Nov,2016
0,Nov,2016
0,Nov,2016
0,Nov,2016
0,Nov,2016
0,Nov,2016
0,Nov,2016
0.01,Nov,2016
0,Nov,2016
0,Nov,2016
0,Nov,2016
0,Nov,2016
0,Nov,2016
0,Nov,2016
0,Nov,2016
0,Nov,2016
0,Nov,2016
0.01,Nov,2016
0,Nov,2016
0,Nov,2016
0,Nov,2016
0,Nov,2016
0,Nov,2016
0,Nov,2016
0,Nov,2016
0,Nov,2016
0,Nov,2016
0.01,Nov,2016
0,Nov,2016
0,Nov,2016
,Nov,2016
0,Jan,2017
0,Jan,2017
0,Jan,2017
0,Jan,2017
0,Jan,2017
0,Jan,2017
0,Jan,2017
0,Jan,2017
0,Jan,2017
0,Jan,2017
0,Jan,2017
0,Jan,2017
0,Jan,2017
0,Jan,2017
0,Jan,2017
0,Jan,2017
0,Jan,2017
0,Jan,2017
0,Jan,2017
0,Jan,2017
0,Jan,2017
0,Jan,2017
0,Jan,2017
0,Jan,2017
0,Jan,2017
0,Jan,2017
0,Jan,2017
0,Jan,2017
5.5,Jan,2017
0,Jan,2017
3.5,Jan,2017
0,Feb,2017
0,Feb,2017
0,Feb,2017
0.01,Feb,2017
0,Feb,2017
0,Feb,2017
0,Feb,2017
0,Feb,2017
0,Feb,2017
0,Feb,2017
0,Feb,2017
0,Feb,2017
0,Feb,2017
0,Feb,2017
0,Feb,2017
0,Feb,2017
0,Feb,2017
0,Feb,2017
0.01,Feb,2017
0,Feb,2017
0,Feb,2017
0,Feb,2017
0,Feb,2017
3,Feb,2017
0,Feb,2017
0,Feb,2017
0.4,Feb,2017
0,Feb,2017
,Feb,2017
,Feb,2017
,Feb,2017
0,Mar,2017
0,Mar,2017
0,Mar,2017
0,Mar,2017
0,Mar,2017
0,Mar,2017
0,Mar,2017
0,Mar,2017
0,Mar,2017
0,Mar,2017
0,Mar,2017
0,Mar,2017
0,Mar,2017
0,Mar,2017
0,Mar,2017
0,Mar,2017
0,Mar,2017
0,Mar,2017
0,Mar,2017
0,Mar,2017
0,Mar,2017
0,Mar,2017
0,Mar,2017
0.01,Mar,2017
0,Mar,2017
0,Mar,2017
0.7,Mar,2017
4.2,Mar,2017
0,Mar,2017
0,Mar,2017
0,Mar,2017
0,Apr,2017
0,Apr,2017
0,Apr,2017
0,Apr,2017
0,Apr,2017
0,Apr,2017
0,Apr,2017
0,Apr,2017
0,Apr,2017
0,Apr,2017
0,Apr,2017
0,Apr,2017
0,Apr,2017
0,Apr,2017
0,Apr,2017
0,Apr,2017
0,Apr,2017
0.01,Apr,2017
1.4,Apr,2017
0,Apr,2017
0,Apr,2017
0,Apr,2017
0,Apr,2017
0,Apr,2017
0,Apr,2017
0,Apr,2017
0,Apr,2017
0,Apr,2017
19,Apr,2017
1.1,Apr,2017
,Apr,2017
0.01,May,2017
0,May,2017
0,May,2017
0,May,2017
0,May,2017
0,May,2017
0,May,2017
0,May,2017
0,May,2017
0,May,2017
0,May,2017
0,May,2017
0,May,2017
0,May,2017
0,May,2017
0,May,2017
0,May,2017
0,May,2017
0,May,2017
0,May,2017
0,May,2017
0,May,2017
0,May,2017
0,May,2017
0,May,2017
0,May,2017
0,May,2017
0.01,May,2017
0.01,May,2017
0,May,2017
0,May,2017
0,Jun,2017
0,Jun,2017
0,Jun,2017
0,Jun,2017
0,Jun,2017
0,Jun,2017
0,Jun,2017
0,Jun,2017
0,Jun,2017
0,Jun,2017
0,Jun,2017
0,Jun,2017
0,Jun,2017
0,Jun,2017
0,Jun,2017
0,Jun,2017
0,Jun,2017
0,Jun,2017
0,Jun,2017
0,Jun,2017
0,Jun,2017
0,Jun,2017
0,Jun,2017
0,Jun,2017
0,Jun,2017
0,Jun,2017
0,Jun,2017
0,Jun,2017
0,Jun,2017
0,Jun,2017
,Jun,2017
0,Jul,2017
0.01,Jul,2017
24.1,Jul,2017
0,Jul,2017
0,Jul,2017
0,Jul,2017
0,Jul,2017
0,Jul,2017
0,Jul,2017
0,Jul,2017
0,Jul,2017
38.3,Jul,2017
0,Jul,2017
0,Jul,2017
0,Jul,2017
0,Jul,2017
0,Jul,2017
0,Jul,2017
0,Jul,2017
0,Jul,2017
0,Jul,2017
0,Jul,2017
0,Jul,2017
0,Jul,2017
0,Jul,2017
19.6,Jul,2017
0,Jul,2017
0,Jul,2017
0,Jul,2017
0,Jul,2017
0,Jul,2017
0,Aug,2017
0,Aug,2017
0,Aug,2017
0,Aug,2017
0,Aug,2017
0,Aug,2017
0,Aug,2017
0,Aug,2017
0,Aug,2017
0.01,Aug,2017
0,Aug,2017
0,Aug,2017
0,Aug,2017
0,Aug,2017
0,Aug,2017
0,Aug,2017
0,Aug,2017
0,Aug,2017
0,Aug,2017
0,Aug,2017
0,Aug,2017
0,Aug,2017
0,Aug,2017
0,Aug,2017
0,Aug,2017
0,Aug,2017
0,Aug,2017
0,Aug,2017
0.01,Aug,2017
0,Aug,2017
1.9,Aug,2017
8.4,Sep,2017
0,Sep,2017
0,Sep,2017
0,Sep,2017
0,Sep,2017
0,Sep,2017
0,Sep,2017
0,Sep,2017
0,Sep,2017
0,Sep,2017
0,Sep,2017
0,Sep,2017
0,Sep,2017
0,Sep,2017
0,Sep,2017
0,Sep,2017
0,Sep,2017
0,Sep,2017
0,Sep,2017
0,Sep,2017
0,Sep,2017
0,Sep,2017
0,Sep,2017
0,Sep,2017
0,Sep,2017
0,Sep,2017
0,Sep,2017
0,Sep,2017
0,Sep,2017
0,Sep,2017
,Sep,2017
0,Oct,2017
0,Oct,2017
0,Oct,2017
0,Oct,2017
0,Oct,2017
0,Oct,2017
0,Oct,2017
0,Oct,2017
0,Oct,2017
0,Oct,2017
4.1,Oct,2017
1,Oct,2017
0,Oct,2017
1.1,Oct,2017
0.01,Oct,2017
0,Oct,2017
0,Oct,2017
34.1,Oct,2017
0.9,Oct,2017
11.8,Oct,2017
11.6,Oct,2017
0,Oct,2017
0,Oct,2017
0.3,Oct,2017
0.8,Oct,2017
0,Oct,2017
0,Oct,2017
0,Oct,2017
0,Oct,2017
0,Oct,2017
0,Oct,2017
0,Nov,2017
0,Nov,2017
0,Nov,2017
17.8,Nov,2017
11,Nov,2017
0.01,Nov,2017
1.1,Nov,2017
0,Nov,2017
0,Nov,2017
0.01,Nov,2017
0,Nov,2017
0,Nov,2017
0,Nov,2017
0,Nov,2017
0,Nov,2017
0,Nov,2017
0,Nov,2017
0,Nov,2017
0,Nov,2017
0,Nov,2017
0,Nov,2017
0,Nov,2017
0,Nov,2017
0,Nov,2017
0,Nov,2017
0,Nov,2017
0,Nov,2017
0,Nov,2017
0,Nov,2017
0,Nov,2017
,Nov,2017
0,Jan,2018
0,Jan,2018
0,Jan,2018
0,Jan,2018
0,Jan,2018
0,Jan,2018
0,Jan,2018
0,Jan,2018
0,Jan,2018
0,Jan,2018
0,Jan,2018
0,Jan,2018
0,Jan,2018
0,Jan,2018
0,Jan,2018
0,Jan,2018
0,Jan,2018
0,Jan,2018
0,Jan,2018
0,Jan,2018
0,Jan,2018
0,Jan,2018
0,Jan,2018
0,Jan,2018
0,Jan,2018
0,Jan,2018
0,Jan,2018
0,Jan,2018
0,Jan,2018
0,Jan,2018
0,Jan,2018
0,Feb,2018
0,Feb,2018
0,Feb,2018
0,Feb,2018
0,Feb,2018
0,Feb,2018
0,Feb,2018
0,Feb,2018
0,Feb,2018
0,Feb,2018
0,Feb,2018
0,Feb,2018
0,Feb,2018
0,Feb,2018
0,Feb,2018
0,Feb,2018
0,Feb,2018
0,Feb,2018
0,Feb,2018
0,Feb,2018
0,Feb,2018
0,Feb,2018
0,Feb,2018
0,Feb,2018
0,Feb,2018
0,Feb,2018
4.5,Feb,2018
0,Feb,2018
,Feb,2018
,Feb,2018
,Feb,2018
1,Mar,2018
0.01,Mar,2018
6.5,Mar,2018
0.01,Mar,2018
0,Mar,2018
3.3,Mar,2018
10.6,Mar,2018
0,Mar,2018
0,Mar,2018
0,Mar,2018
0,Mar,2018
0,Mar,2018
2,Mar,2018
0,Mar,2018
5.8,Mar,2018
0.6,Mar,2018
0,Mar,2018
0.01,Mar,2018
4.1,Mar,2018
0,Mar,2018
0,Mar,2018
0,Mar,2018
0,Mar,2018
0,Mar,2018
0,Mar,2018
0,Mar,2018
0,Mar,2018
0,Mar,2018
0,Mar,2018
0,Mar,2018
0,Mar,2018
0,Apr,2018
0,Apr,2018
0,Apr,2018
0,Apr,2018
4.6,Apr,2018
0.01,Apr,2018
1.1,Apr,2018
14.4,Apr,2018
0,Apr,2018
6.8,Apr,2018
8.2,Apr,2018
0,Apr,2018
8.5,Apr,2018
35,Apr,2018
0,Apr,2018
21.8,Apr,2018
0,Apr,2018
9.4,Apr,2018
10.2,Apr,2018
0,Apr,2018
0.01,Apr,2018
2.4,Apr,2018
3.2,Apr,2018
0,Apr,2018
0,Apr,2018
0,Apr,2018
11,Apr,2018
0,Apr,2018
0,Apr,2018
0,Apr,2018
,Apr,2018
0,May,2018
32,May,2018
0,May,2018
0,May,2018
0.01,May,2018
0,May,2018
0,May,2018
0,May,2018
0,May,2018
0,May,2018
0.01,May,2018
0.01,May,2018
0,May,2018
0,May,2018
0,May,2018
0,May,2018
0,May,2018
0,May,2018
0,May,2018
0,May,2018
60.9,May,2018
0.9,May,2018
4.4,May,2018
0,May,2018
0,May,2018
0,May,2018
0,May,2018
0,May,2018
0,May,2018
0,May,2018
0,May,2018
0,Jun,2018
0,Jun,2018
0,Jun,2018
0.01,Jun,2018
20,Jun,2018
10,Jun,2018
0,Jun,2018
0,Jun,2018
0,Jun,2018
0,Jun,2018
0,Jun,2018
0,Jun,2018
0,Jun,2018
0,Jun,2018
0,Jun,2018
0,Jun,2018
0,Jun,2018
0,Jun,2018
0,Jun,2018
0,Jun,2018
0,Jun,2018
0,Jun,2018
0,Jun,2018
0,Jun,2018
0,Jun,2018
0,Jun,2018
0,Jun,2018
0.1,Jun,2018
0,Jun,2018
0,Jun,2018
,Jun,2018
0,Jul,2018
0,Jul,2018
0,Jul,2018
0,Jul,2018
0,Jul,2018
0,Jul,2018
0,Jul,2018
0,Jul,2018
0,Jul,2018
0,Jul,2018
0,Jul,2018
0,Jul,2018
0,Jul,2018
0,Jul,2018
0,Jul,2018
0,Jul,2018
0,Jul,2018
0,Jul,2018
0,Jul,2018
0,Jul,2018
0,Jul,2018
0,Jul,2018
0,Jul,2018
0,Jul,2018
0,Jul,2018
0,Jul,2018
0,Jul,2018
0,Jul,2018
0,Jul,2018
0,Jul,2018
0,Jul,2018
0,Aug,2018
0,Aug,2018
0,Aug,2018
0,Aug,2018
0,Aug,2018
0,Aug,2018
0,Aug,2018
0,Aug,2018
0,Aug,2018
0,Aug,2018
0,Aug,2018
0,Aug,2018
0,Aug,2018
0,Aug,2018
0,Aug,2018
0,Aug,2018
2.1,Aug,2018
0,Aug,2018
0,Aug,2018
0,Aug,2018
0,Aug,2018
0,Aug,2018
0,Aug,2018
0.01,Aug,2018
0,Aug,2018
0,Aug,2018
0,Aug,2018
0.01,Aug,2018
0.01,Aug,2018
0,Aug,2018
0,Aug,2018
0,Sep,2018
0,Sep,2018
0,Sep,2018
0,Sep,2018
0,Sep,2018
0,Sep,2018
0,Sep,2018
0,Sep,2018
0,Sep,2018
0,Sep,2018
0,Sep,2018
0,Sep,2018
0,Sep,2018
0,Sep,2018
0,Sep,2018
0,Sep,2018
0,Sep,2018
0,Sep,2018
0,Sep,2018
0,Sep,2018
0,Sep,2018
0,Sep,2018
0,Sep,2018
0,Sep,2018
0,Sep,2018
0,Sep,2018
0,Sep,2018
0,Sep,2018
0,Sep,2018
0,Sep,2018
,Sep,2018
0,Oct,2018
0,Oct,2018
0,Oct,2018
0,Oct,2018
0,Oct,2018
0,Oct,2018
0,Oct,2018
0,Oct,2018
0,Oct,2018
0,Oct,2018
0,Oct,2018
0,Oct,2018
0,Oct,2018
0,Oct,2018
0,Oct,2018
0,Oct,2018
0,Oct,2018
0,Oct,2018
0,Oct,2018
0,Oct,2018
0,Oct,2018
0,Oct,2018
0,Oct,2018
0,Oct,2018
0,Oct,2018
0.01,Oct,2018
0.01,Oct,2018
0,Oct,2018
0,Oct,2018
0,Oct,2018
0,Oct,2018
0,Nov,2018
0,Nov,2018
0,Nov,2018
0,Nov,2018
0,Nov,2018
0,Nov,2018
0,Nov,2018
0,Nov,2018
0,Nov,2018
0,Nov,2018
0,Nov,2018
0,Nov,2018
0,Nov,2018
0,Nov,2018
0,Nov,2018
0,Nov,2018
0,Nov,2018
0.5,Nov,2018
0,Nov,2018
0,Nov,2018
0,Nov,2018
0,Nov,2018
0,Nov,2018
0,Nov,2018
0,Nov,2018
0,Nov,2018
0,Nov,2018
2.6,Nov,2018
0,Nov,2018
0,Nov,2018
,Nov,2018
0,Jan,2019
0,Jan,2019
1.3,Jan,2019
0,Jan,2019
0,Jan,2019
0,Jan,2019
0,Jan,2019
0,Jan,2019
0,Jan,2019
0,Jan,2019
0,Jan,2019
0,Jan,2019
0,Jan,2019
0,Jan,2019
0,Jan,2019
0,Jan,2019
0,Jan,2019
0,Jan,2019
0,Jan,2019
0,Jan,2019
0,Jan,2019
0,Jan,2019
0,Jan,2019
0,Jan,2019
0,Jan,2019
0,Jan,2019
0,Jan,2019
0,Jan,2019
0,Jan,2019
0,Jan,2019
0,Jan,2019
0,Feb,2019
0,Feb,2019
0,Feb,2019
0,Feb,2019
0,Feb,2019
0,Feb,2019
0,Feb,2019
0,Feb,2019
0,Feb,2019
0,Feb,2019
0,Feb,2019
0,Feb,2019
0,Feb,2019
0,Feb,2019
0,Feb,2019
0,Feb,2019
0,Feb,2019
0.01,Feb,2019
0,Feb,2019
0,Feb,2019
0,Feb,2019
0,Feb,2019
5.4,Feb,2019
0,Feb,2019
0,Feb,2019
0,Feb,2019
0,Feb,2019
0,Feb,2019
,Feb,2019
,Feb,2019
,Feb,2019
0,Mar,2019
0,Mar,2019
0,Mar,2019
0,Mar,2019
0,Mar,2019
0.01,Mar,2019
0.01,Mar,2019
0,Mar,2019
0,Mar,2019
0,Mar,2019
0,Mar,2019
0,Mar,2019
0,Mar,2019
0,Mar,2019
0,Mar,2019
0,Mar,2019
0,Mar,2019
0,Mar,2019
0,Mar,2019
0,Mar,2019
0,Mar,2019
0,Mar,2019
0,Mar,2019
0,Mar,2019
0,Mar,2019
0,Mar,2019
0.01,Mar,2019
0,Mar,2019
0,Mar,2019
0,Mar,2019
0,Mar,2019
0,Apr,2019
0,Apr,2019
0,Apr,2019
0,Apr,2019
0,Apr,2019
0,Apr,2019
0,Apr,2019
0,Apr,2019
0.01,Apr,2019
0,Apr,2019
0,Apr,2019
0,Apr,2019
0,Apr,2019
0,Apr,2019
0,Apr,2019
0,Apr,2019
0,Apr,2019
0,Apr,2019
0,Apr,2019
0,Apr,2019
0,Apr,2019
21.9,Apr,2019
3,Apr,2019
0,Apr,2019
0.01,Apr,2019
0.01,Apr,2019
1,Apr,2019
0,Apr,2019
0,Apr,2019
0,Apr,2019
,Apr,2019
0,May,2019
0,May,2019
0,May,2019
0,May,2019
0,May,2019
0,May,2019
0,May,2019
0,May,2019
0,May,2019
0,May,2019
0,May,2019
0,May,2019
0.01,May,2019
0,May,2019
0,May,2019
0,May,2019
0,May,2019
0,May,2019
0,May,2019
0,May,2019
0,May,2019
0,May,2019
0,May,2019
0.01,May,2019
0,May,2019
0,May,2019
0,May,2019
0,May,2019
0,May,2019
0,May,2019
0,May,2019
0,Jun,2019
4.5,Jun,2019
5.1,Jun,2019
0.01,Jun,2019
0,Jun,2019
0,Jun,2019
0,Jun,2019
0,Jun,2019
0,Jun,2019
5.1,Jun,2019
0,Jun,2019
0,Jun,2019
0,Jun,2019
0,Jun,2019
0,Jun,2019
0,Jun,2019
0,Jun,2019
0,Jun,2019
0,Jun,2019
0,Jun,2019
0,Jun,2019
0.01,Jun,2019
0,Jun,2019
2.5,Jun,2019
0,Jun,2019
0,Jun,2019
0,Jun,2019
0,Jun,2019
0,Jun,2019
0,Jun,2019
,Jun,2019
0,Jul,2019
0,Jul,2019
0,Jul,2019
0,Jul,2019
0,Jul,2019
0,Jul,2019
0,Jul,2019
0,Jul,2019
0,Jul,2019
0,Jul,2019
0,Jul,2019
0.01,Jul,2019
1.4,Jul,2019
0,Jul,2019
0,Jul,2019
0,Jul,2019
0,Jul,2019
0,Jul,2019
0,Jul,2019
0,Jul,2019
1.7,Jul,2019
72.3,Jul,2019
0,Jul,2019
11.3,Jul,2019
0,Jul,2019
0,Jul,2019
0,Jul,2019
0,Jul,2019
0,Jul,2019
0.01,Jul,2019
0,Jul,2019
0,Aug,2019
0,Aug,2019
0,Aug,2019
0,Aug,2019
0,Aug,2019
0,Aug,2019
0,Aug,2019
0,Aug,2019
0.6,Aug,2019
0,Aug,2019
0,Aug,2019
0,Aug,2019
0.01,Aug,2019
0,Aug,2019
0,Aug,2019
0,Aug,2019
0,Aug,2019
0,Aug,2019
0,Aug,2019
0,Aug,2019
0,Aug,2019
0,Aug,2019
0,Aug,2019
0,Aug,2019
0,Aug,2019
0,Aug,2019
0,Aug,2019
1.5,Aug,2019
3.4,Aug,2019
0,Aug,2019
0,Aug,2019
0.01,Sep,2019
0,Sep,2019
0,Sep,2019
0,Sep,2019
0,Sep,2019
0,Sep,2019
0,Sep,2019
0,Sep,2019
0,Sep,2019
0,Sep,2019
0,Sep,2019
0,Sep,2019
0,Sep,2019
0,Sep,2019
0,Sep,2019
0,Sep,2019
0,Sep,2019
0,Sep,2019
0,Sep,2019
0,Sep,2019
0,Sep,2019
0,Sep,2019
0,Sep,2019
0,Sep,2019
0.01,Sep,2019
0.01,Sep,2019
0.01,Sep,2019
0,Sep,2019
0,Sep,2019
0,Sep,2019
,Sep,2019
0.01,Oct,2019
0,Oct,2019
0,Oct,2019
0,Oct,2019
0,Oct,2019
0.01,Oct,2019
0,Oct,2019
0,Oct,2019
0.01,Oct,2019
0,Oct,2019
0.01,Oct,2019
1,Oct,2019
1,Oct,2019
0,Oct,2019
0,Oct,2019
0,Oct,2019
4.2,Oct,2019
28.7,Oct,2019
0,Oct,2019
0,Oct,2019
0,Oct,2019
36.8,Oct,2019
0.01,Oct,2019
3.3,Oct,2019
0,Oct,2019
0,Oct,2019
0,Oct,2019
4.8,Oct,2019
0,Oct,2019
0,Oct,2019
0,Oct,2019
0,Nov,2019
0,Nov,2019
0,Nov,2019
0,Nov,2019
0,Nov,2019
0,Nov,2019
0,Nov,2019
0.01,Nov,2019
0.01,Nov,2019
0,Nov,2019
0.01,Nov,2019
0.01,Nov,2019
0,Nov,2019
0,Nov,2019
0,Nov,2019
0,Nov,2019
0,Nov,2019
0,Nov,2019
0,Nov,2019
0,Nov,2019
0,Nov,2019
23.1,Nov,2019
8.1,Nov,2019
3.4,Nov,2019
0.01,Nov,2019
0,Nov,2019
0,Nov,2019
0,Nov,2019
0,Nov,2019
0,Nov,2019
,Nov,2019
0,Jan,2020
0,Jan,2020
0,Jan,2020
0,Jan,2020
0,Jan,2020
0,Jan,2020
0,Jan,2020
0,Jan,2020
0,Jan,2020
0,Jan,2020
0,Jan,2020
0,Jan,2020
0,Jan,2020
0,Jan,2020
0,Jan,2020
0,Jan,2020
0,Jan,2020
0,Jan,2020
0,Jan,2020
0,Jan,2020
0,Jan,2020
0,Jan,2020
0,Jan,2020
0,Jan,2020
0,Jan,2020
0.01,Jan,2020
3.8,Jan,2020
6.1,Jan,2020
1.1,Jan,2020
0,Jan,2020
0,Jan,2020
0,Feb,2020
0,Feb,2020
0,Feb,2020
0,Feb,2020
0.01,Feb,2020
0,Feb,2020
0,Feb,2020
0,Feb,2020
0,Feb,2020
0,Feb,2020
0,Feb,2020
0.01,Feb,2020
0.2,Feb,2020
0,Feb,2020
0,Feb,2020
0,Feb,2020
0,Feb,2020
0,Feb,2020
0,Feb,2020
0,Feb,2020
0,Feb,2020
0,Feb,2020
0,Feb,2020
0,Feb,2020
0,Feb,2020
0,Feb,2020
0,Feb,2020
0,Feb,2020
0,Feb,2020
,Feb,2020
,Feb,2020
13,Mar,2020
0.01,Mar,2020
16.4,Mar,2020
1.9,Mar,2020
0,Mar,2020
0,Mar,2020
0,Mar,2020
2.3,Mar,2020
6.5,Mar,2020
0,Mar,2020
3,Mar,2020
0,Mar,2020
0,Mar,2020
0,Mar,2020
0,Mar,2020
0,Mar,2020
0,Mar,2020
0.8,Mar,2020
15.9,Mar,2020
0,Mar,2020
0,Mar,2020
0,Mar,2020
0,Mar,2020
0,Mar,2020
0,Mar,2020
0,Mar,2020
0.01,Mar,2020
13.1,Mar,2020
0,Mar,2020
0,Mar,2020
0,Mar,2020
0,Apr,2020
0,Apr,2020
0,Apr,2020
0,Apr,2020
0,Apr,2020
0,Apr,2020
0,Apr,2020
0,Apr,2020
0,Apr,2020
0,Apr,2020
0,Apr,2020
0,Apr,2020
1.8,Apr,2020
6.3,Apr,2020
16.3,Apr,2020
0,Apr,2020
16.8,Apr,2020
0.01,Apr,2020
0.01,Apr,2020
0,Apr,2020
0.01,Apr,2020
0,Apr,2020
28.5,Apr,2020
0.5,Apr,2020
0,Apr,2020
0,Apr,2020
0,Apr,2020
0,Apr,2020
0,Apr,2020
67.7,Apr,2020
,Apr,2020
8.9,May,2020
5,May,2020
0,May,2020
0.01,May,2020
0,May,2020
0,May,2020
0,May,2020
0,May,2020
0,May,2020
0,May,2020
0,May,2020
0,May,2020
0,May,2020
0,May,2020
0,May,2020
0,May,2020
0,May,2020
0,May,2020
0,May,2020
0,May,2020
0,May,2020
0,May,2020
0,May,2020
0,May,2020
0,May,2020
0,May,2020
0,May,2020
0,May,2020
0,May,2020
0,May,2020
0,May,2020
0,Jun,2020
0,Jun,2020
0,Jun,2020
0,Jun,2020
0,Jun,2020
0.01,Jun,2020
13.3,Jun,2020
0,Jun,2020
0,Jun,2020
0,Jun,2020
0,Jun,2020
2,Jun,2020
0.8,Jun,2020
0,Jun,2020
0.01,Jun,2020
0,Jun,2020
0,Jun,2020
0,Jun,2020
0,Jun,2020
0.01,Jun,2020
4.8,Jun,2020
0,Jun,2020
0,Jun,2020
0,Jun,2020
0,Jun,2020
0,Jun,2020
0,Jun,2020
0,Jun,2020
0,Jun,2020
0,Jun,2020
,Jun,2020
0,Jul,2020
0,Jul,2020
0,Jul,2020
0,Jul,2020
0,Jul,2020
0,Jul,2020
0.7,Jul,2020
0,Jul,2020
0.01,Jul,2020
0,Jul,2020
0,Jul,2020
0,Jul,2020
0,Jul,2020
0,Jul,2020
0,Jul,2020
0,Jul,2020
0,Jul,2020
0.01,Jul,2020
0,Jul,2020
0,Jul,2020
0,Jul,2020
3.2,Jul,2020
0,Jul,2020
3.7,Jul,2020
0.8,Jul,2020
0.01,Jul,2020
1.7,Jul,2020
0.01,Jul,2020
0,Jul,2020
0,Jul,2020
0,Jul,2020
0,Aug,2020
0,Aug,2020
0,Aug,2020
0,Aug,2020
0,Aug,2020
1.8,Aug,2020
14.2,Aug,2020
4.4,Aug,2020
0.01,Aug,2020
0,Aug,2020
1.8,Aug,2020
0,Aug,2020
0,Aug,2020
6.8,Aug,2020
0,Aug,2020
0,Aug,2020
0,Aug,2020
0,Aug,2020
0,Aug,2020
0,Aug,2020
0,Aug,2020
0,Aug,2020
0,Aug,2020
0,Aug,2020
0,Aug,2020
0,Aug,2020
0,Aug,2020
0,Aug,2020
0,Aug,2020
0,Aug,2020
10.6,Aug,2020
0,Sep,2020
0,Sep,2020
0,Sep,2020
0,Sep,2020
0,Sep,2020
2.8,Sep,2020
0,Sep,2020
0,Sep,2020
0,Sep,2020
0,Sep,2020
0,Sep,2020
0,Sep,2020
0,Sep,2020
0,Sep,2020
0,Sep,2020
0,Sep,2020
0,Sep,2020
0,Sep,2020
0,Sep,2020
0,Sep,2020
0,Sep,2020
0,Sep,2020
0,Sep,2020
0,Sep,2020
0,Sep,2020
0,Sep,2020
0,Sep,2020
0,Sep,2020
0,Sep,2020
0,Sep,2020
,Sep,2020
0,Oct,2020
0,Oct,2020
0,Oct,2020
0,Oct,2020
0,Oct,2020
0,Oct,2020
0,Oct,2020
0,Oct,2020
8,Oct,2020
0.5,Oct,2020
0,Oct,2020
5.3,Oct,2020
1.5,Oct,2020
0,Oct,2020
0,Oct,2020
0,Oct,2020
4.7,Oct,2020
0,Oct,2020
0,Oct,2020
0,Oct,2020
0,Oct,2020
0,Oct,2020
0,Oct,2020
0,Oct,2020
0,Oct,2020
0,Oct,2020
0,Oct,2020
0,Oct,2020
0,Oct,2020
0,Oct,2020
0,Oct,2020
0,Nov,2020
0,Nov,2020
0,Nov,2020
0,Nov,2020
0,Nov,2020
0,Nov,2020
0.01,Nov,2020
15,Nov,2020
0,Nov,2020
0,Nov,2020
,Nov,2020
,Nov,2020
,Nov,2020
,Nov,2020
,Nov,2020
,Nov,2020
,Nov,2020
,Nov,2020
,Nov,2020
,Nov,2020
,Nov,2020
,Nov,2020
,Nov,2020
,Nov,2020
,Nov,2020
,Nov,2020
,Nov,2020
,Nov,2020
,Nov,2020
,Nov,2020
,Nov,2020
18,Jan,2021
0,Jan,2021
0,Jan,2021
0,Jan,2021
0,Jan,2021
0,Jan,2021
0,Jan,2021
0,Jan,2021
0,Jan,2021
0,Jan,2021
0,Jan,2021
0,Jan,2021
0,Jan,2021
0,Jan,2021
0,Jan,2021
0,Jan,2021
0,Jan,2021
0,Jan,2021
0,Jan,2021
0,Jan,2021
0,Jan,2021
0,Jan,2021
0,Jan,2021
0,Jan,2021
0,Jan,2021
0,Jan,2021
0,Jan,2021
0,Jan,2021
0,Jan,2021
0,Jan,2021
0,Jan,2021
0,Feb,2021
0,Feb,2021
0,Feb,2021
0,Feb,2021
0,Feb,2021
0,Feb,2021
0,Feb,2021
0,Feb,2021
0,Feb,2021
0,Feb,2021
0,Feb,2021
0,Feb,2021
0,Feb,2021
0,Feb,2021
0,Feb,2021
0,Feb,2021
0,Feb,2021
0,Feb,2021
0,Feb,2021
0,Feb,2021
0,Feb,2021
0,Feb,2021
0,Feb,2021
0,Feb,2021
0,Feb,2021
0,Feb,2021
0,Feb,2021
0,Feb,2021
,Feb,2021
,Feb,2021
,Feb,2021
0,Mar,2021
0,Mar,2021
0,Mar,2021
0,Mar,2021
0,Mar,2021
0,Mar,2021
0,Mar,2021
0,Mar,2021
0,Mar,2021
0,Mar,2021
0,Mar,2021
0,Mar,2021
0,Mar,2021
0,Mar,2021
0,Mar,2021
0,Mar,2021
0,Mar,2021
0,Mar,2021
0,Mar,2021
0,Mar,2021
0,Mar,2021
0,Mar,2021
0,Mar,2021
0,Mar,2021
0,Mar,2021
0,Mar,2021
0,Mar,2021
0,Mar,2021
0,Mar,2021
0,Mar,2021
0,Mar,2021
0,Apr,2021
2,Apr,2021
0,Apr,2021
0,Apr,2021
0,Apr,2021
0,Apr,2021
0,Apr,2021
0,Apr,2021
0,Apr,2021
0,Apr,2021
0,Apr,2021
0,Apr,2021
0,Apr,2021
0,Apr,2021
0,Apr,2021
0,Apr,2021
0,Apr,2021
0,Apr,2021
0,Apr,2021
0,Apr,2021
0,Apr,2021
0,Apr,2021
0,Apr,2021
0,Apr,2021
0,Apr,2021
0,Apr,2021
0,Apr,2021
0,Apr,2021
0,Apr,2021
0,Apr,2021
,Apr,2021
0,May,2021
0,May,2021
0,May,2021
0,May,2021
0,May,2021
27,May,2021
108,May,2021
0,May,2021
0,May,2021
39,May,2021
27.1,May,2021
0,May,2021
0,May,2021
0,May,2021
0,May,2021
0,May,2021
0,May,2021
0,May,2021
0,May,2021
0,May,2021
0,May,2021
0,May,2021
0,May,2021
0,May,2021
0,May,2021
0,May,2021
0,May,2021
0,May,2021
0,May,2021
0,May,2021
0,May,2021
0,Jun,2021
0,Jun,2021
0,Jun,2021
0,Jun,2021
0,Jun,2021
0,Jun,2021
0,Jun,2021
0,Jun,2021
0,Jun,2021
0,Jun,2021
0,Jun,2021
0,Jun,2021
0,Jun,2021
0,Jun,2021
0,Jun,2021
0,Jun,2021
0,Jun,2021
0,Jun,2021
0,Jun,2021
0,Jun,2021
0,Jun,2021
0,Jun,2021
0,Jun,2021
0,Jun,2021
0,Jun,2021
0,Jun,2021
0,Jun,2021
0,Jun,2021
0,Jun,2021
0,Jun,2021
,Jun,2021
0,Jul,2021
0,Jul,2021
0,Jul,2021
0,Jul,2021
0,Jul,2021
0,Jul,2021
0,Jul,2021
0,Jul,2021
0,Jul,2021
0,Jul,2021
0,Jul,2021
0,Jul,2021
0.01,Jul,2021
0,Jul,2021
0,Jul,2021
0,Jul,2021
0,Jul,2021
0,Jul,2021
0,Jul,2021
0,Jul,2021
0,Jul,2021
0,Jul,2021
1.6,Jul,2021
2.8,Jul,2021
0,Jul,2021
0,Jul,2021
0,Jul,2021
0.01,Jul,2021
0,Jul,2021
0,Jul,2021
0,Jul,2021
0,Aug,2021
0,Aug,2021
0,Aug,2021
0,Aug,2021
0,Aug,2021
0,Aug,2021
0,Aug,2021
0,Aug,2021
0,Aug,2021
0,Aug,2021
0,Aug,2021
0,Aug,2021
0,Aug,2021
0,Aug,2021
0,Aug,2021
0,Aug,2021
0,Aug,2021
0,Aug,2021
0,Aug,2021
0,Aug,2021
0,Aug,2021
0,Aug,2021
0,Aug,2021
0,Aug,2021
0,Aug,2021
0,Aug,2021
0,Aug,2021
0,Aug,2021
0,Aug,2021
0,Aug,2021
0,Aug,2021
0,Sep,2021
0,Sep,2021
0,Sep,2021
0,Sep,2021
0,Sep,2021
0,Sep,2021
0,Sep,2021
0,Sep,2021
15.1,Sep,2021
0,Sep,2021
0,Sep,2021
0,Sep,2021
0,Sep,2021
0,Sep,2021
0,Sep,2021
0,Sep,2021
0.01,Sep,2021
24.1,Sep,2021
0,Sep,2021
0,Sep,2021
0,Sep,2021
0,Sep,2021
0,Sep,2021
0,Sep,2021
0,Sep,2021
0,Sep,2021
0,Sep,2021
0,Sep,2021
0,Sep,2021
0,Sep,2021
,Sep,2021
0,Oct,2021
0,Oct,2021
0,Oct,2021
0,Oct,2021
0,Oct,2021
0,Oct,2021
0.8,Oct,2021
0,Oct,2021
0,Oct,2021
0,Oct,2021
0,Oct,2021
0,Oct,2021
0,Oct,2021
0,Oct,2021
0,Oct,2021
0,Oct,2021
0,Oct,2021
0,Oct,2021
0,Oct,2021
0,Oct,2021
0,Oct,2021
0,Oct,2021
0,Oct,2021
0,Oct,2021
0,Oct,2021
0,Oct,2021
0,Oct,2021
0,Oct,2021
0,Oct,2021
0,Oct,2021
0,Oct,2021
0,Nov,2021
0,Nov,2021
0,Nov,2021
0,Nov,2021
0,Nov,2021
0,Nov,2021
0,Nov,2021
0,Nov,2021
0,Nov,2021
0,Nov,2021
0,Nov,2021
0,Nov,2021
0,Nov,2021
0,Nov,2021
0,Nov,2021
0,Nov,2021
0,Nov,2021
0,Nov,2021
0,Nov,2021
0,Nov,2021
0,Nov,2021
0,Nov,2021
0,Nov,2021
0,Nov,2021
0,Nov,2021
0,Nov,2021
0.01,Nov,2021
0,Nov,2021
0,Nov,2021
0,Nov,2021
,Nov,2021
0,Jan,2022
0,Jan,2022
0,Jan,2022
0,Jan,2022
0,Jan,2022
0,Jan,2022
0,Jan,2022
0,Jan,2022
0,Jan,2022
0,Jan,2022
0,Jan,2022
0,Jan,2022
0,Jan,2022
0,Jan,2022
0,Jan,2022
5.7,Jan,2022
14,Jan,2022
27.3,Jan,2022
0,Jan,2022
0,Jan,2022
0,Jan,2022
0,Jan,2022
0,Jan,2022
0,Jan,2022
0,Jan,2022
0,Jan,2022
0,Jan,2022
0,Jan,2022
0,Jan,2022
0,Jan,2022
0,Jan,2022
0,Feb,2022
0,Feb,2022
0,Feb,2022
0,Feb,2022
0,Feb,2022
0,Feb,2022
0,Feb,2022
0,Feb,2022
0,Feb,2022
0,Feb,2022
0,Feb,2022
0,Feb,2022
0,Feb,2022
0,Feb,2022
0,Feb,2022
0,Feb,2022
0,Feb,2022
0,Feb,2022
0.01,Feb,2022
1.3,Feb,2022
0,Feb,2022
0,Feb,2022
0,Feb,2022
0,Feb,2022
0,Feb,2022
0,Feb,2022
0,Feb,2022
0,Feb,2022
,Feb,2022
,Feb,2022
,Feb,2022
0,Mar,2022
0,Mar,2022
0,Mar,2022
0,Mar,2022
0,Mar,2022
0,Mar,2022
0,Mar,2022
0,Mar,2022
0,Mar,2022
0,Mar,2022
0,Mar,2022
0,Mar,2022
0,Mar,2022
0,Mar,2022
0,Mar,2022
0.01,Mar,2022
0,Mar,2022
0,Mar,2022
0,Mar,2022
0,Mar,2022
,Mar,2022
0,Mar,2022
0,Mar,2022
0,Mar,2022
0,Mar,2022
0,Mar,2022
0,Mar,2022
0,Mar,2022
0,Mar,2022
0,Mar,2022
0,Mar,2022
0,Apr,2022
0,Apr,2022
0,Apr,2022
0,Apr,2022
0,Apr,2022
0,Apr,2022
0,Apr,2022
0,Apr,2022
0,Apr,2022
0,Apr,2022
0,Apr,2022
0,Apr,2022
0,Apr,2022
0,Apr,2022
0,Apr,2022
0,Apr,2022
0,Apr,2022
0,Apr,2022
0,Apr,2022
0,Apr,2022
0,Apr,2022
1.9,Apr,2022
0,Apr,2022
0,Apr,2022
0.8,Apr,2022
0,Apr,2022
0,Apr,2022
4.8,Apr,2022
0,Apr,2022
0,Apr,2022
,Apr,2022
0,May,2022
0,May,2022
0,May,2022
0,May,2022
0,May,2022
0,May,2022
0,May,2022
0,May,2022
0,May,2022
0,May,2022
0,May,2022
0,May,2022
0,May,2022
0,May,2022
0,May,2022
0,May,2022
0,May,2022
0,May,2022
0,May,2022
0,May,2022
0,May,2022
0,May,2022
0,May,2022
0,May,2022
0.01,May,2022
0,May,2022
0,May,2022
0,May,2022
14.1,May,2022
0.01,May,2022
0,May,2022
0,Jun,2022
0,Jun,2022
0,Jun,2022
0,Jun,2022
0,Jun,2022
0,Jun,2022
0.8,Jun,2022
0,Jun,2022
0,Jun,2022
0,Jun,2022
0.01,Jun,2022
0,Jun,2022
0,Jun,2022
0,Jun,2022
0,Jun,2022
0,Jun,2022
0,Jun,2022
0,Jun,2022
0,Jun,2022
0,Jun,2022
0,Jun,2022
0,Jun,2022
0,Jun,2022
0,Jun,2022
0,Jun,2022
0,Jun,2022
0,Jun,2022
0,Jun,2022
0,Jun,2022
0,Jun,2022
,Jun,2022
0,Jul,2022
0,Jul,2022
0,Jul,2022
0,Jul,2022
0,Jul,2022
0,Jul,2022
0,Jul,2022
0,Jul,2022
0,Jul,2022
0,Jul,2022
0,Jul,2022
0,Jul,2022
0,Jul,2022
0,Jul,2022
0,Jul,2022
0,Jul,2022
0,Jul,2022
0,Jul,2022
0,Jul,2022
0,Jul,2022
0,Jul,2022
0,Jul,2022
0,Jul,2022
0,Jul,2022
,Jul,2022
,Jul,2022
0,Jul,2022
0,Jul,2022
0,Jul,2022
0,Jul,2022
0,Jul,2022
6,Aug,2022
0.01,Aug,2022
0,Aug,2022
0,Aug,2022
0,Aug,2022
0,Aug,2022
0,Aug,2022
0,Aug,2022
0,Aug,2022
0,Aug,2022
0,Aug,2022
0,Aug,2022
0,Aug,2022
0,Aug,2022
0,Aug,2022
0,Aug,2022
0,Aug,2022
0,Aug,2022
0,Aug,2022
0,Aug,2022
0.01,Aug,2022
0,Aug,2022
0,Aug,2022
0,Aug,2022
0,Aug,2022
0,Aug,2022
0,Aug,2022
0,Aug,2022
0,Aug,2022
0,Aug,2022
,Aug,2022
0,Sep,2022
0,Sep,2022
0,Sep,2022
0,Sep,2022
0,Sep,2022
18.4,Sep,2022
0.8,Sep,2022
0,Sep,2022
0,Sep,2022
0,Sep,2022
0,Sep,2022
0,Sep,2022
0,Sep,2022
0,Sep,2022
0,Sep,2022
0,Sep,2022
,Sep,2022
0,Sep,2022
0,Sep,2022
0,Sep,2022
12,Sep,2022
12,Sep,2022
12,Sep,2022
11.5,Sep,2022
10.5,Sep,2022
12.5,Sep,2022
12,Sep,2022
11,Sep,2022
12,Sep,2022
11.5,Sep,2022
,Sep,2022
0,Oct,2022
0,Oct,2022
0,Oct,2022
0,Oct,2022
0,Oct,2022
0,Oct,2022
0,Oct,2022
0,Oct,2022
0,Oct,2022
0,Oct,2022
0,Oct,2022
0,Oct,2022
0,Oct,2022
0,Oct,2022
0,Oct,2022
0,Oct,2022
0,Oct,2022
0,Oct,2022
0,Oct,2022
0,Oct,2022
0,Oct,2022
0,Oct,2022
0,Oct,2022
0,Oct,2022
0,Oct,2022
0,Oct,2022
0,Oct,2022
0,Oct,2022
0,Oct,2022
0,Oct,2022
0,Oct,2022
0,Nov,2022
,Nov,2022
,Nov,2022
,Nov,2022
,Nov,2022
0,Nov,2022
0,Nov,2022
0,Nov,2022
0,Nov,2022
0,Nov,2022
0,Nov,2022
0,Nov,2022
0,Nov,2022
0,Nov,2022
0,Nov,2022
0,Nov,2022
0,Nov,2022
0.01,Nov,2022
0,Nov,2022
0,Nov,2022
0,Nov,2022
0,Nov,2022
0,Nov,2022
0,Nov,2022
0,Nov,2022
0,Nov,2022
0,Nov,2022
0.6,Nov,2022
0,Nov,2022
0,Nov,2022
,Nov,2022
0,Jan,2023
0,Jan,2023
0,Jan,2023
0,Jan,2023
0,Jan,2023
0,Jan,2023
0,Jan,2023
0,Jan,2023
0,Jan,2023
0,Jan,2023
0,Jan,2023
0,Jan,2023
0,Jan,2023
0,Jan,2023
0,Jan,2023
0,Jan,2023
0,Jan,2023
0,Jan,2023
0,Jan,2023
0,Jan,2023
0,Jan,2023
0,Jan,2023
0,Jan,2023
0,Jan,2023
0,Jan,2023
0,Jan,2023
0,Jan,2023
0,Jan,2023
0,Jan,2023
0,Jan,2023
0,Jan,2023
0,Feb,2023
0,Feb,2023
0,Feb,2023
0,Feb,2023
0,Feb,2023
0,Feb,2023
0,Feb,2023
0,Feb,2023
0,Feb,2023
0,Feb,2023
0,Feb,2023
0,Feb,2023
0,Feb,2023
0,Feb,2023
0,Feb,2023
0,Feb,2023
0,Feb,2023
0,Feb,2023
0,Feb,2023
0,Feb,2023
0,Feb,2023
0,Feb,2023
0,Feb,2023
0,Feb,2023
0,Feb,2023
0,Feb,2023
0,Feb,2023
0,Feb,2023
,Feb,2023
,Feb,2023
,Feb,2023
0,Mar,2023
0,Mar,2023
0,Mar,2023
0,Mar,2023
0,Mar,2023
0,Mar,2023
0,Mar,2023
0,Mar,2023
0,Mar,2023
0,Mar,2023
0,Mar,2023
0,Mar,2023
0,Mar,2023
0,Mar,2023
1.5,Mar,2023
0,Mar,2023
0,Mar,2023
0,Mar,2023
0,Mar,2023
0,Mar,2023
0,Mar,2023
8.1,Mar,2023
1.3,Mar,2023
0,Mar,2023
0.7,Mar,2023
9.6,Mar,2023
0,Mar,2023
0,Mar,2023
0,Mar,2023
0,Mar,2023
0,Mar,2023
0,Apr,2023
0,Apr,2023
44.6,Apr,2023
0,Apr,2023
0,Apr,2023
0,Apr,2023
0,Apr,2023
0,Apr,2023
0,Apr,2023
0,Apr,2023
0,Apr,2023
0,Apr,2023
0,Apr,2023
0,Apr,2023
0,Apr,2023
0.01,Apr,2023
0,Apr,2023
0,Apr,2023
0,Apr,2023
0,Apr,2023
0,Apr,2023
0,Apr,2023
0,Apr,2023
21.6,Apr,2023
5.2,Apr,2023
3,Apr,2023
7.4,Apr,2023
38.4,Apr,2023
40,Apr,2023
0,Apr,2023
,Apr,2023
0,May,2023
0,May,2023
0,May,2023
0,May,2023
0,May,2023
0,May,2023
0,May,2023
0,May,2023
0,May,2023
0,May,2023
0,May,2023
0,May,2023
0,May,2023
0,May,2023
0,May,2023
0,May,2023
0,May,2023
0,May,2023
0,May,2023
0,May,2023
0,May,2023
0,May,2023
4.1,May,2023
0,May,2023
0,May,2023
0,May,2023
0,May,2023
0,May,2023
0,May,2023
0,May,2023
0,May,2023
0,Jun,2023
0,Jun,2023
0,Jun,2023
0,Jun,2023
0,Jun,2023
0,Jun,2023
0,Jun,2023
0,Jun,2023
0,Jun,2023
0,Jun,2023
0,Jun,2023
0,Jun,2023
0,Jun,2023
0,Jun,2023
0,Jun,2023
0,Jun,2023
0,Jun,2023
0,Jun,2023
0,Jun,2023
0,Jun,2023
0,Jun,2023
0,Jun,2023
0,Jun,2023
0,Jun,2023
0,Jun,2023
0,Jun,2023
0,Jun,2023
0,Jun,2023
0,Jun,2023
0,Jun,2023
,Jun,2023
0,Jul,2023
0,Jul,2023
0,Jul,2023
0,Jul,2023
0,Jul,2023
0,Jul,2023
0,Jul,2023
0,Jul,2023
0,Jul,2023
0,Jul,2023
0,Jul,2023
0,Jul,2023
0,Jul,2023
0,Jul,2023
0,Jul,2023
0,Jul,2023
0,Jul,2023
0,Jul,2023
0,Jul,2023
0,Jul,2023
0,Jul,2023
0,Jul,2023
0,Jul,2023
0,Jul,2023
0,Jul,2023
0,Jul,2023
0,Jul,2023
0,Jul,2023
0,Jul,2023
0,Jul,2023
0,Jul,2023
0.01,Aug,2023
0.01,Aug,2023
0,Aug,2023
0,Aug,2023
0,Aug,2023
0,Aug,2023
0,Aug,2023
0,Aug,2023
0,Aug,2023
0,Aug,2023
0,Aug,2023
0,Aug,2023
0,Aug,2023
0,Aug,2023
0,Aug,2023
0,Aug,2023
0,Aug,2023
0,Aug,2023
0,Aug,2023
0,Aug,2023
0,Aug,2023
0,Aug,2023
0,Aug,2023
0,Aug,2023
0,Aug,2023
0,Aug,2023
0,Aug,2023
0,Aug,2023
0,Aug,2023
0,Aug,2023
0,Aug,2023
0,Sep,2023
0,Sep,2023
0,Sep,2023
0,Sep,2023
0,Sep,2023
0,Sep,2023
0,Sep,2023
0.01,Sep,2023
0,Sep,2023
0,Sep,2023
0,Sep,2023
0,Sep,2023
0,Sep,2023
0,Sep,2023
0,Sep,2023
0,Sep,2023
0,Sep,2023
0,Sep,2023
0,Sep,2023
0,Sep,2023
0,Sep,2023
0,Sep,2023
0,Sep,2023
0,Sep,2023
0,Sep,2023
0,Sep,2023
0,Sep,2023
0,Sep,2023
0,Sep,2023
0,Sep,2023
,Sep,2023
0,Oct,2023
0,Oct,2023
0,Oct,2023
0,Oct,2023
0,Oct,2023
0,Oct,2023
0,Oct,2023
0,Oct,2023
0,Oct,2023
0,Oct,2023
0,Oct,2023
0,Oct,2023
0,Oct,2023
0,Oct,2023
0,Oct,2023
0,Oct,2023
0,Oct,2023
0,Oct,2023
1,Oct,2023
0,Oct,2023
3.9,Oct,2023
0,Oct,2023
0,Oct,2023
0,Oct,2023
0,Oct,2023
0,Oct,2023
0,Oct,2023
18.9,Oct,2023
0.01,Oct,2023
25.5,Oct,2023
0,Oct,2023
0,Nov,2023
0,Nov,2023
0,Nov,2023
0,Nov,2023
0,Nov,2023
0,Nov,2023
0,Nov,2023
0.01,Nov,2023
0,Nov,2023
0,Nov,2023
0,Nov,2023
0,Nov,2023
0,Nov,2023
0,Nov,2023
0.01,Nov,2023
0,Nov,2023
0,Nov,2023
0.01,Nov,2023
0,Nov,2023
0,Nov,2023
0,Nov,2023
0,Nov,2023
0,Nov,2023
0,Nov,2023
0,Nov,2023
0,Nov,2023
0,Nov,2023
0,Nov,2023
0,Nov,2023
0,Nov,2023
,Nov,2023
0.01,Jan,2024
0,Jan,2024
0,Jan,2024
0,Jan,2024
0,Jan,2024
0,Jan,2024
0,Jan,2024
0,Jan,2024
0,Jan,2024
0,Jan,2024
0,Jan,2024
0,Jan,2024
0,Jan,2024
0,Jan,2024
2,Jan,2024
0,Jan,2024
0.4,Jan,2024
0.2,Jan,2024
0,Jan,2024
0,Jan,2024
0,Jan,2024
0,Jan,2024
0,Jan,2024
0,Jan,2024
0,Jan,2024
0,Jan,2024
0,Jan,2024
0,Jan,2024
0,Jan,2024
0,Jan,2024
0,Jan,2024
0,Feb,2024
0,Feb,2024
0.01,Feb,2024
0.01,Feb,2024
0,Feb,2024
0,Feb,2024
0,Feb,2024
0.01,Feb,2024
0,Feb,2024
0,Feb,2024
0,Feb,2024
0,Feb,2024
0,Feb,2024
0,Feb,2024
0,Feb,2024
0,Feb,2024
0,Feb,2024
4.3,Feb,2024
0.01,Feb,2024
0,Feb,2024
0,Feb,2024
0,Feb,2024
0,Feb,2024
0,Feb,2024
0,Feb,2024
0.01,Feb,2024
8.6,Feb,2024
0,Feb,2024
5.7,Feb,2024
,Feb,2024
,Feb,2024
0,Mar,2024
0,Mar,2024
0,Mar,2024
0,Mar,2024
0,Mar,2024
0,Mar,2024
0,Mar,2024
0,Mar,2024
0.01,Mar,2024
0,Mar,2024
0,Mar,2024
0,Mar,2024
0,Mar,2024
0,Mar,2024
0,Mar,2024
0,Mar,2024
0,Mar,2024
0,Mar,2024
0,Mar,2024
0,Mar,2024
0,Mar,2024
0,Mar,2024
0,Mar,2024
0,Mar,2024
0,Mar,2024
0,Mar,2024
9.5,Mar,2024
0,Mar,2024
0,Mar,2024
0,Mar,2024
0,Mar,2024
0,Apr,2024
0,Apr,2024
36.9,Apr,2024
9.6,Apr,2024
0,Apr,2024
0,Apr,2024
0.4,Apr,2024
28.5,Apr,2024
0,Apr,2024
0,Apr,2024
6.9,Apr,2024
0,Apr,2024
0,Apr,2024
0,Apr,2024
0,Apr,2024
0,Apr,2024
0,Apr,2024
0,Apr,2024
0,Apr,2024
77,Apr,2024
16.8,Apr,2024
0,Apr,2024
0,Apr,2024
0,Apr,2024
13.5,Apr,2024
21.5,Apr,2024
31.2,Apr,2024
2.9,Apr,2024
0,Apr,2024
0.01,Apr,2024
,Apr,2024
2.3,May,2024
5.2,May,2024
0,May,2024
0.6,May,2024
0.01,May,2024
0,May,2024
0,May,2024
0,May,2024
0,May,2024
0,May,2024
0,May,2024
0,May,2024
0,May,2024
0,May,2024
0,May,2024
0,May,2024
0,May,2024
0,May,2024
0,May,2024
0.01,May,2024
0,May,2024
0,May,2024
0,May,2024
0,May,2024
0,May,2024
0,May,2024
0,May,2024
0,May,2024
0.01,May,2024
0,May,2024
0,May,2024
0,Jun,2024
0,Jun,2024
0,Jun,2024
0,Jun,2024
0,Jun,2024
0,Jun,2024
0,Jun,2024
0,Jun,2024
0,Jun,2024
0,Jun,2024
0,Jun,2024
0,Jun,2024
0,Jun,2024
0,Jun,2024
0,Jun,2024
0,Jun,2024
0,Jun,2024
0,Jun,2024
0,Jun,2024
0,Jun,2024
0,Jun,2024
0,Jun,2024
0,Jun,2024
0,Jun,2024
0,Jun,2024
0,Jun,2024
0,Jun,2024
0,Jun,2024
0,Jun,2024
0,Jun,2024
,Jun,2024
0,Jul,2024
0,Jul,2024
0,Jul,2024
0,Jul,2024
0,Jul,2024
0,Jul,2024
0,Jul,2024
0,Jul,2024
0,Jul,2024
0,Jul,2024
0,Jul,2024
0,Jul,2024
0,Jul,2024
1,Jul,2024
0,Jul,2024
0,Jul,2024
3.1,Jul,2024
0,Jul,2024
0,Jul,2024
0,Jul,2024
2.2,Jul,2024
0,Jul,2024
0,Jul,2024
0,Jul,2024
0,Jul,2024
0,Jul,2024
0,Jul,2024
0,Jul,2024
0.1,Jul,2024
6.5,Jul,2024
0,Jul,2024
0,Aug,2024
0,Aug,2024
0,Aug,2024
0,Aug,2024
0,Aug,2024
0,Aug,2024
2,Aug,2024
0,Aug,2024
0,Aug,2024
0,Aug,2024
0,Aug,2024
0,Aug,2024
0,Aug,2024
0,Aug,2024
0,Aug,2024
1.6,Aug,2024
0,Aug,2024
0,Aug,2024
0,Aug,2024
0.01,Aug,2024
0,Aug,2024
5.3,Aug,2024
0,Aug,2024
0,Aug,2024
0,Aug,2024
0,Aug,2024
0,Aug,2024
0,Aug,2024
0,Aug,2024
0,Aug,2024
0,Aug,2024
0,Sep,2024
0,Sep,2024
0,Sep,2024
0,Sep,2024
0,Sep,2024
0,Sep,2024
0,Sep,2024
0,Sep,2024
0,Sep,2024
0,Sep,2024
0,Sep,2024
0,Sep,2024
0,Sep,2024
0,Sep,2024
0,Sep,2024
0,Sep,2024
0,Sep,2024
0,Sep,2024
0,Sep,2024
0,Sep,2024
0,Sep,2024
0,Sep,2024
0,Sep,2024
0,Sep,2024
0,Sep,2024
0,Sep,2024
0,Sep,2024
0,Sep,2024
1.6,Sep,2024
0,Sep,2024
,Sep,2024
0,Oct,2024
0.01,Oct,2024
0,Oct,2024
0,Oct,2024
0,Oct,2024
0,Oct,2024
0,Oct,2024
0,Oct,2024
0,Oct,2024
0,Oct,2024
0,Oct,2024
0,Oct,2024
0,Oct,2024
0,Oct,2024
0,Oct,2024
0.01,Oct,2024
0,Oct,2024
6.7,Oct,2024
0,Oct,2024
0.01,Oct,2024
0.01,Oct,2024
0,Oct,2024
0,Oct,2024
0,Oct,2024
0,Oct,2024
0,Oct,2024
0,Oct,2024
0,Oct,2024
0,Oct,2024
0,Oct,2024
0,Oct,2024
0,Nov,2024
0,Nov,2024
0,Nov,2024
0.6,Nov,2024
0.1,Nov,2024
0,Nov,2024
0,Nov,2024
0,Nov,2024
0,Nov,2024
0,Nov,2024
0,Nov,2024
0,Nov,2024
0,Nov,2024
0,Nov,2024
0,Nov,2024
0,Nov,2024
0,Nov,2024
1.4,Nov,2024
0,Nov,2024
0,Nov,2024
0,Nov,2024
0,Nov,2024
3,Nov,2024
0,Nov,2024
11.2,Nov,2024
33.6,Nov,2024
12.4,Nov,2024
0.5,Nov,2024
0.9,Nov,2024
0,Nov,2024
,Nov,2024
